campaign_id,campaign_name,industry,sender,receiver,month,step_id,step_order,subject,sent,leads_contacted,unique_replies,unique_opens,interested,bounced,unsubscribed
61,Equipment Rental - Microsoft → Outlook (21_04),Equipment Rental,Microsoft,Outlook,2026-03,386,1,{Hidden|Untapped|Overlooked} inbound {opportunities|demand|lead opportunities} for {COMPANY},0,0,0,0,0,0,0
61,Equipment Rental - Microsoft → Outlook (21_04),Equipment Rental,Microsoft,Outlook,2026-03,387,0,for {FIRST_NAME},0,0,0,0,0,0,0
61,Equipment Rental - Microsoft → Outlook (21_04),Equipment Rental,Microsoft,Outlook,2026-03,388,2,Re: {Hidden|Untapped|Overlooked} inbound {opportunities|demand|lead opportunities} for {COMPANY},0,0,0,0,0,0,0
61,Equipment Rental - Microsoft → Outlook (21_04),Equipment Rental,Microsoft,Outlook,2026-03,389,0,Re: {Hidden|Untapped|Overlooked} inbound {opportunities|demand|lead opportunities} for {COMPANY},0,0,0,0,0,0,0
61,Equipment Rental - Microsoft → Outlook (21_04),Equipment Rental,Microsoft,Outlook,2026-03,390,3,Re: {Hidden|Untapped|Overlooked} inbound {opportunities|demand|lead opportunities} for {COMPANY},0,0,0,0,0,0,0
61,Equipment Rental - Microsoft → Outlook (21_04),Equipment Rental,Microsoft,Outlook,2026-03,391,0,Re: {Hidden|Untapped|Overlooked} inbound {opportunities|demand|lead opportunities} for {COMPANY},0,0,0,0,0,0,0
61,Equipment Rental - Microsoft → Outlook (21_04),Equipment Rental,Microsoft,Outlook,2026-04,386,1,{Hidden|Untapped|Overlooked} inbound {opportunities|demand|lead opportunities} for {COMPANY},1823,1823,21,0,1,12,0
61,Equipment Rental - Microsoft → Outlook (21_04),Equipment Rental,Microsoft,Outlook,2026-04,387,0,for {FIRST_NAME},1863,1863,13,0,0,30,0
61,Equipment Rental - Microsoft → Outlook (21_04),Equipment Rental,Microsoft,Outlook,2026-04,388,2,Re: {Hidden|Untapped|Overlooked} inbound {opportunities|demand|lead opportunities} for {COMPANY},898,898,5,0,1,3,0
61,Equipment Rental - Microsoft → Outlook (21_04),Equipment Rental,Microsoft,Outlook,2026-04,389,0,Re: {Hidden|Untapped|Overlooked} inbound {opportunities|demand|lead opportunities} for {COMPANY},882,882,2,0,0,0,0
61,Equipment Rental - Microsoft → Outlook (21_04),Equipment Rental,Microsoft,Outlook,2026-04,390,3,Re: {Hidden|Untapped|Overlooked} inbound {opportunities|demand|lead opportunities} for {COMPANY},0,0,0,0,0,0,0
61,Equipment Rental - Microsoft → Outlook (21_04),Equipment Rental,Microsoft,Outlook,2026-04,391,0,Re: {Hidden|Untapped|Overlooked} inbound {opportunities|demand|lead opportunities} for {COMPANY},0,0,0,0,0,0,0
62,Equipment Rental - Microsoft → Proofpoint (21_04),Equipment Rental,Microsoft,Proofpoint,2026-03,392,1,{Hidden|Untapped|Overlooked} inbound {opportunities|demand|lead opportunities} for {COMPANY},0,0,0,0,0,0,0
62,Equipment Rental - Microsoft → Proofpoint (21_04),Equipment Rental,Microsoft,Proofpoint,2026-03,393,0,for {FIRST_NAME},0,0,0,0,0,0,0
62,Equipment Rental - Microsoft → Proofpoint (21_04),Equipment Rental,Microsoft,Proofpoint,2026-03,394,2,Re: {Hidden|Untapped|Overlooked} inbound {opportunities|demand|lead opportunities} for {COMPANY},0,0,0,0,0,0,0
62,Equipment Rental - Microsoft → Proofpoint (21_04),Equipment Rental,Microsoft,Proofpoint,2026-03,395,0,Re: {Hidden|Untapped|Overlooked} inbound {opportunities|demand|lead opportunities} for {COMPANY},0,0,0,0,0,0,0
62,Equipment Rental - Microsoft → Proofpoint (21_04),Equipment Rental,Microsoft,Proofpoint,2026-03,396,3,Re: {Hidden|Untapped|Overlooked} inbound {opportunities|demand|lead opportunities} for {COMPANY},0,0,0,0,0,0,0
62,Equipment Rental - Microsoft → Proofpoint (21_04),Equipment Rental,Microsoft,Proofpoint,2026-03,397,0,Re: {Hidden|Untapped|Overlooked} inbound {opportunities|demand|lead opportunities} for {COMPANY},0,0,0,0,0,0,0
62,Equipment Rental - Microsoft → Proofpoint (21_04),Equipment Rental,Microsoft,Proofpoint,2026-04,392,1,{Hidden|Untapped|Overlooked} inbound {opportunities|demand|lead opportunities} for {COMPANY},359,359,0,0,0,5,0
62,Equipment Rental - Microsoft → Proofpoint (21_04),Equipment Rental,Microsoft,Proofpoint,2026-04,393,0,for {FIRST_NAME},348,348,0,0,0,16,0
62,Equipment Rental - Microsoft → Proofpoint (21_04),Equipment Rental,Microsoft,Proofpoint,2026-04,394,2,Re: {Hidden|Untapped|Overlooked} inbound {opportunities|demand|lead opportunities} for {COMPANY},96,96,0,0,0,0,0
62,Equipment Rental - Microsoft → Proofpoint (21_04),Equipment Rental,Microsoft,Proofpoint,2026-04,395,0,Re: {Hidden|Untapped|Overlooked} inbound {opportunities|demand|lead opportunities} for {COMPANY},107,107,0,0,0,0,0
62,Equipment Rental - Microsoft → Proofpoint (21_04),Equipment Rental,Microsoft,Proofpoint,2026-04,396,3,Re: {Hidden|Untapped|Overlooked} inbound {opportunities|demand|lead opportunities} for {COMPANY},4,4,0,0,0,0,0
62,Equipment Rental - Microsoft → Proofpoint (21_04),Equipment Rental,Microsoft,Proofpoint,2026-04,397,0,Re: {Hidden|Untapped|Overlooked} inbound {opportunities|demand|lead opportunities} for {COMPANY},2,2,0,0,0,0,0
57,Medical Equipment - Microsoft → Outlook (21_04),Medical Equipment,Microsoft,Outlook,2026-03,362,1,{Hidden|Untapped|Overlooked} inbound {opportunities|demand|lead opportunities} for {COMPANY},0,0,0,0,0,0,0
57,Medical Equipment - Microsoft → Outlook (21_04),Medical Equipment,Microsoft,Outlook,2026-03,363,0,for {FIRST_NAME},0,0,0,0,0,0,0
57,Medical Equipment - Microsoft → Outlook (21_04),Medical Equipment,Microsoft,Outlook,2026-03,364,2,Re: {Hidden|Untapped|Overlooked} inbound {opportunities|demand|lead opportunities} for {COMPANY},0,0,0,0,0,0,0
57,Medical Equipment - Microsoft → Outlook (21_04),Medical Equipment,Microsoft,Outlook,2026-03,365,0,Re: {Hidden|Untapped|Overlooked} inbound {opportunities|demand|lead opportunities} for {COMPANY},0,0,0,0,0,0,0
57,Medical Equipment - Microsoft → Outlook (21_04),Medical Equipment,Microsoft,Outlook,2026-03,366,3,Re: {Hidden|Untapped|Overlooked} inbound {opportunities|demand|lead opportunities} for {COMPANY},0,0,0,0,0,0,0
57,Medical Equipment - Microsoft → Outlook (21_04),Medical Equipment,Microsoft,Outlook,2026-03,367,0,Re: {Hidden|Untapped|Overlooked} inbound {opportunities|demand|lead opportunities} for {COMPANY},0,0,0,0,0,0,0
57,Medical Equipment - Microsoft → Outlook (21_04),Medical Equipment,Microsoft,Outlook,2026-04,362,1,{Hidden|Untapped|Overlooked} inbound {opportunities|demand|lead opportunities} for {COMPANY},4211,4211,3,0,0,37,0
57,Medical Equipment - Microsoft → Outlook (21_04),Medical Equipment,Microsoft,Outlook,2026-04,363,0,for {FIRST_NAME},4114,4114,3,0,0,38,0
57,Medical Equipment - Microsoft → Outlook (21_04),Medical Equipment,Microsoft,Outlook,2026-04,364,2,Re: {Hidden|Untapped|Overlooked} inbound {opportunities|demand|lead opportunities} for {COMPANY},3231,3231,1,0,0,2,0
57,Medical Equipment - Microsoft → Outlook (21_04),Medical Equipment,Microsoft,Outlook,2026-04,365,0,Re: {Hidden|Untapped|Overlooked} inbound {opportunities|demand|lead opportunities} for {COMPANY},3175,3175,1,0,0,2,0
57,Medical Equipment - Microsoft → Outlook (21_04),Medical Equipment,Microsoft,Outlook,2026-04,366,3,Re: {Hidden|Untapped|Overlooked} inbound {opportunities|demand|lead opportunities} for {COMPANY},104,104,0,0,0,0,0
57,Medical Equipment - Microsoft → Outlook (21_04),Medical Equipment,Microsoft,Outlook,2026-04,367,0,Re: {Hidden|Untapped|Overlooked} inbound {opportunities|demand|lead opportunities} for {COMPANY},97,97,0,0,0,0,0
65,Advertising - Microsoft → Outlook (22_04),Advertising,Microsoft,Outlook,2026-03,410,1,{Hidden|Untapped|Overlooked} inbound {opportunities|demand|lead opportunities} for {COMPANY},0,0,0,0,0,0,0
65,Advertising - Microsoft → Outlook (22_04),Advertising,Microsoft,Outlook,2026-03,411,0,for {FIRST_NAME},0,0,0,0,0,0,0
65,Advertising - Microsoft → Outlook (22_04),Advertising,Microsoft,Outlook,2026-03,412,2,Re: {Hidden|Untapped|Overlooked} inbound {opportunities|demand|lead opportunities} for {COMPANY},0,0,0,0,0,0,0
65,Advertising - Microsoft → Outlook (22_04),Advertising,Microsoft,Outlook,2026-03,413,0,Re: {Hidden|Untapped|Overlooked} inbound {opportunities|demand|lead opportunities} for {COMPANY},0,0,0,0,0,0,0
65,Advertising - Microsoft → Outlook (22_04),Advertising,Microsoft,Outlook,2026-03,414,3,Re: {Hidden|Untapped|Overlooked} inbound {opportunities|demand|lead opportunities} for {COMPANY},0,0,0,0,0,0,0
65,Advertising - Microsoft → Outlook (22_04),Advertising,Microsoft,Outlook,2026-03,415,0,Re: {Hidden|Untapped|Overlooked} inbound {opportunities|demand|lead opportunities} for {COMPANY},0,0,0,0,0,0,0
65,Advertising - Microsoft → Outlook (22_04),Advertising,Microsoft,Outlook,2026-04,410,1,{Hidden|Untapped|Overlooked} inbound {opportunities|demand|lead opportunities} for {COMPANY},3795,3795,13,0,2,23,0
65,Advertising - Microsoft → Outlook (22_04),Advertising,Microsoft,Outlook,2026-04,411,0,for {FIRST_NAME},3732,3732,11,0,0,26,0
65,Advertising - Microsoft → Outlook (22_04),Advertising,Microsoft,Outlook,2026-04,412,2,Re: {Hidden|Untapped|Overlooked} inbound {opportunities|demand|lead opportunities} for {COMPANY},3056,3056,13,0,1,2,0
65,Advertising - Microsoft → Outlook (22_04),Advertising,Microsoft,Outlook,2026-04,413,0,Re: {Hidden|Untapped|Overlooked} inbound {opportunities|demand|lead opportunities} for {COMPANY},2963,2963,9,0,1,0,0
65,Advertising - Microsoft → Outlook (22_04),Advertising,Microsoft,Outlook,2026-04,414,3,Re: {Hidden|Untapped|Overlooked} inbound {opportunities|demand|lead opportunities} for {COMPANY},0,0,0,0,0,0,0
65,Advertising - Microsoft → Outlook (22_04),Advertising,Microsoft,Outlook,2026-04,415,0,Re: {Hidden|Untapped|Overlooked} inbound {opportunities|demand|lead opportunities} for {COMPANY},0,0,0,0,0,0,0
56,Medical Equipment - Google → Custom+Misc (21_04),Medical Equipment,Google,Custom+Misc,2026-03,356,1,{Hidden|Untapped|Overlooked} inbound {opportunities|demand|lead opportunities} for {COMPANY},0,0,0,0,0,0,0
56,Medical Equipment - Google → Custom+Misc (21_04),Medical Equipment,Google,Custom+Misc,2026-03,357,0,for {FIRST_NAME},0,0,0,0,0,0,0
56,Medical Equipment - Google → Custom+Misc (21_04),Medical Equipment,Google,Custom+Misc,2026-03,358,2,Re: {Hidden|Untapped|Overlooked} inbound {opportunities|demand|lead opportunities} for {COMPANY},0,0,0,0,0,0,0
56,Medical Equipment - Google → Custom+Misc (21_04),Medical Equipment,Google,Custom+Misc,2026-03,359,0,Re: {Hidden|Untapped|Overlooked} inbound {opportunities|demand|lead opportunities} for {COMPANY},0,0,0,0,0,0,0
56,Medical Equipment - Google → Custom+Misc (21_04),Medical Equipment,Google,Custom+Misc,2026-03,360,3,Re: {Hidden|Untapped|Overlooked} inbound {opportunities|demand|lead opportunities} for {COMPANY},0,0,0,0,0,0,0
56,Medical Equipment - Google → Custom+Misc (21_04),Medical Equipment,Google,Custom+Misc,2026-03,361,0,Re: {Hidden|Untapped|Overlooked} inbound {opportunities|demand|lead opportunities} for {COMPANY},0,0,0,0,0,0,0
56,Medical Equipment - Google → Custom+Misc (21_04),Medical Equipment,Google,Custom+Misc,2026-04,356,1,{Hidden|Untapped|Overlooked} inbound {opportunities|demand|lead opportunities} for {COMPANY},1887,1887,17,0,0,83,0
56,Medical Equipment - Google → Custom+Misc (21_04),Medical Equipment,Google,Custom+Misc,2026-04,357,0,for {FIRST_NAME},1832,1832,34,0,3,85,0
56,Medical Equipment - Google → Custom+Misc (21_04),Medical Equipment,Google,Custom+Misc,2026-04,358,2,Re: {Hidden|Untapped|Overlooked} inbound {opportunities|demand|lead opportunities} for {COMPANY},1706,1706,20,0,2,11,0
56,Medical Equipment - Google → Custom+Misc (21_04),Medical Equipment,Google,Custom+Misc,2026-04,359,0,Re: {Hidden|Untapped|Overlooked} inbound {opportunities|demand|lead opportunities} for {COMPANY},1756,1756,7,0,0,18,0
56,Medical Equipment - Google → Custom+Misc (21_04),Medical Equipment,Google,Custom+Misc,2026-04,360,3,Re: {Hidden|Untapped|Overlooked} inbound {opportunities|demand|lead opportunities} for {COMPANY},1454,1454,13,0,2,3,0
56,Medical Equipment - Google → Custom+Misc (21_04),Medical Equipment,Google,Custom+Misc,2026-04,361,0,Re: {Hidden|Untapped|Overlooked} inbound {opportunities|demand|lead opportunities} for {COMPANY},1350,1350,7,0,0,5,0
63,Advertising - Google → Google (22_04),Advertising,Google,Google,2026-03,398,1,{Hidden|Untapped|Overlooked} inbound {opportunities|demand|lead opportunities} for {COMPANY},0,0,0,0,0,0,0
63,Advertising - Google → Google (22_04),Advertising,Google,Google,2026-03,399,0,for {FIRST_NAME},0,0,0,0,0,0,0
63,Advertising - Google → Google (22_04),Advertising,Google,Google,2026-03,400,2,Re: {Hidden|Untapped|Overlooked} inbound {opportunities|demand|lead opportunities} for {COMPANY},0,0,0,0,0,0,0
63,Advertising - Google → Google (22_04),Advertising,Google,Google,2026-03,401,0,Re: {Hidden|Untapped|Overlooked} inbound {opportunities|demand|lead opportunities} for {COMPANY},0,0,0,0,0,0,0
63,Advertising - Google → Google (22_04),Advertising,Google,Google,2026-03,402,3,Re: {Hidden|Untapped|Overlooked} inbound {opportunities|demand|lead opportunities} for {COMPANY},0,0,0,0,0,0,0
63,Advertising - Google → Google (22_04),Advertising,Google,Google,2026-03,403,0,Re: {Hidden|Untapped|Overlooked} inbound {opportunities|demand|lead opportunities} for {COMPANY},0,0,0,0,0,0,0
63,Advertising - Google → Google (22_04),Advertising,Google,Google,2026-04,398,1,{Hidden|Untapped|Overlooked} inbound {opportunities|demand|lead opportunities} for {COMPANY},6781,6781,99,0,7,22,0
63,Advertising - Google → Google (22_04),Advertising,Google,Google,2026-04,399,0,for {FIRST_NAME},6702,6702,188,0,21,14,0
63,Advertising - Google → Google (22_04),Advertising,Google,Google,2026-04,400,2,Re: {Hidden|Untapped|Overlooked} inbound {opportunities|demand|lead opportunities} for {COMPANY},6598,6598,81,0,8,5,0
63,Advertising - Google → Google (22_04),Advertising,Google,Google,2026-04,401,0,Re: {Hidden|Untapped|Overlooked} inbound {opportunities|demand|lead opportunities} for {COMPANY},6564,6564,58,0,3,9,0
63,Advertising - Google → Google (22_04),Advertising,Google,Google,2026-04,402,3,Re: {Hidden|Untapped|Overlooked} inbound {opportunities|demand|lead opportunities} for {COMPANY},4620,4620,61,0,4,2,0
63,Advertising - Google → Google (22_04),Advertising,Google,Google,2026-04,403,0,Re: {Hidden|Untapped|Overlooked} inbound {opportunities|demand|lead opportunities} for {COMPANY},4733,4733,64,0,2,4,0
60,Equipment Rental - Google → Custom+Misc (21_04),Equipment Rental,Google,Custom+Misc,2026-03,380,1,{Hidden|Untapped|Overlooked} inbound {opportunities|demand|lead opportunities} for {COMPANY},0,0,0,0,0,0,0
60,Equipment Rental - Google → Custom+Misc (21_04),Equipment Rental,Google,Custom+Misc,2026-03,381,0,for {FIRST_NAME},0,0,0,0,0,0,0
60,Equipment Rental - Google → Custom+Misc (21_04),Equipment Rental,Google,Custom+Misc,2026-03,382,2,Re: {Hidden|Untapped|Overlooked} inbound {opportunities|demand|lead opportunities} for {COMPANY},0,0,0,0,0,0,0
60,Equipment Rental - Google → Custom+Misc (21_04),Equipment Rental,Google,Custom+Misc,2026-03,383,0,Re: {Hidden|Untapped|Overlooked} inbound {opportunities|demand|lead opportunities} for {COMPANY},0,0,0,0,0,0,0
60,Equipment Rental - Google → Custom+Misc (21_04),Equipment Rental,Google,Custom+Misc,2026-03,384,3,Re: {Hidden|Untapped|Overlooked} inbound {opportunities|demand|lead opportunities} for {COMPANY},0,0,0,0,0,0,0
60,Equipment Rental - Google → Custom+Misc (21_04),Equipment Rental,Google,Custom+Misc,2026-03,385,0,Re: {Hidden|Untapped|Overlooked} inbound {opportunities|demand|lead opportunities} for {COMPANY},0,0,0,0,0,0,0
60,Equipment Rental - Google → Custom+Misc (21_04),Equipment Rental,Google,Custom+Misc,2026-04,380,1,{Hidden|Untapped|Overlooked} inbound {opportunities|demand|lead opportunities} for {COMPANY},1174,1174,16,0,1,44,0
60,Equipment Rental - Google → Custom+Misc (21_04),Equipment Rental,Google,Custom+Misc,2026-04,381,0,for {FIRST_NAME},1289,1289,19,0,0,72,0
60,Equipment Rental - Google → Custom+Misc (21_04),Equipment Rental,Google,Custom+Misc,2026-04,382,2,Re: {Hidden|Untapped|Overlooked} inbound {opportunities|demand|lead opportunities} for {COMPANY},1151,1151,11,0,1,8,0
60,Equipment Rental - Google → Custom+Misc (21_04),Equipment Rental,Google,Custom+Misc,2026-04,383,0,Re: {Hidden|Untapped|Overlooked} inbound {opportunities|demand|lead opportunities} for {COMPANY},1127,1127,13,0,0,9,0
60,Equipment Rental - Google → Custom+Misc (21_04),Equipment Rental,Google,Custom+Misc,2026-04,384,3,Re: {Hidden|Untapped|Overlooked} inbound {opportunities|demand|lead opportunities} for {COMPANY},559,559,5,0,0,1,0
60,Equipment Rental - Google → Custom+Misc (21_04),Equipment Rental,Google,Custom+Misc,2026-04,385,0,Re: {Hidden|Untapped|Overlooked} inbound {opportunities|demand|lead opportunities} for {COMPANY},541,541,2,0,1,6,0
59,Equipment Rental - Google → Google (21_04),Equipment Rental,Google,Google,2026-03,374,1,{Hidden|Untapped|Overlooked} inbound {opportunities|demand|lead opportunities} for {COMPANY},0,0,0,0,0,0,0
59,Equipment Rental - Google → Google (21_04),Equipment Rental,Google,Google,2026-03,375,0,for {FIRST_NAME},0,0,0,0,0,0,0
59,Equipment Rental - Google → Google (21_04),Equipment Rental,Google,Google,2026-03,376,2,Re: {Hidden|Untapped|Overlooked} inbound {opportunities|demand|lead opportunities} for {COMPANY},0,0,0,0,0,0,0
59,Equipment Rental - Google → Google (21_04),Equipment Rental,Google,Google,2026-03,377,0,Re: {Hidden|Untapped|Overlooked} inbound {opportunities|demand|lead opportunities} for {COMPANY},0,0,0,0,0,0,0
59,Equipment Rental - Google → Google (21_04),Equipment Rental,Google,Google,2026-03,378,3,Re: {Hidden|Untapped|Overlooked} inbound {opportunities|demand|lead opportunities} for {COMPANY},0,0,0,0,0,0,0
59,Equipment Rental - Google → Google (21_04),Equipment Rental,Google,Google,2026-03,379,0,Re: {Hidden|Untapped|Overlooked} inbound {opportunities|demand|lead opportunities} for {COMPANY},0,0,0,0,0,0,0
59,Equipment Rental - Google → Google (21_04),Equipment Rental,Google,Google,2026-04,374,1,{Hidden|Untapped|Overlooked} inbound {opportunities|demand|lead opportunities} for {COMPANY},1188,1188,5,0,1,7,0
59,Equipment Rental - Google → Google (21_04),Equipment Rental,Google,Google,2026-04,375,0,for {FIRST_NAME},1178,1178,30,0,6,4,0
59,Equipment Rental - Google → Google (21_04),Equipment Rental,Google,Google,2026-04,376,2,Re: {Hidden|Untapped|Overlooked} inbound {opportunities|demand|lead opportunities} for {COMPANY},1128,1128,7,0,1,0,0
59,Equipment Rental - Google → Google (21_04),Equipment Rental,Google,Google,2026-04,377,0,Re: {Hidden|Untapped|Overlooked} inbound {opportunities|demand|lead opportunities} for {COMPANY},1192,1192,2,0,0,1,0
59,Equipment Rental - Google → Google (21_04),Equipment Rental,Google,Google,2026-04,378,3,Re: {Hidden|Untapped|Overlooked} inbound {opportunities|demand|lead opportunities} for {COMPANY},1163,1163,2,0,1,1,0
59,Equipment Rental - Google → Google (21_04),Equipment Rental,Google,Google,2026-04,379,0,Re: {Hidden|Untapped|Overlooked} inbound {opportunities|demand|lead opportunities} for {COMPANY},1138,1138,5,0,0,2,0
66,Advertising - Microsoft → Proofpoint (22_04),Advertising,Microsoft,Proofpoint,2026-03,416,1,{Hidden|Untapped|Overlooked} inbound {opportunities|demand|lead opportunities} for {COMPANY},0,0,0,0,0,0,0
66,Advertising - Microsoft → Proofpoint (22_04),Advertising,Microsoft,Proofpoint,2026-03,417,0,for {FIRST_NAME},0,0,0,0,0,0,0
66,Advertising - Microsoft → Proofpoint (22_04),Advertising,Microsoft,Proofpoint,2026-03,418,2,Re: {Hidden|Untapped|Overlooked} inbound {opportunities|demand|lead opportunities} for {COMPANY},0,0,0,0,0,0,0
66,Advertising - Microsoft → Proofpoint (22_04),Advertising,Microsoft,Proofpoint,2026-03,419,0,Re: {Hidden|Untapped|Overlooked} inbound {opportunities|demand|lead opportunities} for {COMPANY},0,0,0,0,0,0,0
66,Advertising - Microsoft → Proofpoint (22_04),Advertising,Microsoft,Proofpoint,2026-03,420,3,Re: {Hidden|Untapped|Overlooked} inbound {opportunities|demand|lead opportunities} for {COMPANY},0,0,0,0,0,0,0
66,Advertising - Microsoft → Proofpoint (22_04),Advertising,Microsoft,Proofpoint,2026-03,421,0,Re: {Hidden|Untapped|Overlooked} inbound {opportunities|demand|lead opportunities} for {COMPANY},0,0,0,0,0,0,0
66,Advertising - Microsoft → Proofpoint (22_04),Advertising,Microsoft,Proofpoint,2026-04,416,1,{Hidden|Untapped|Overlooked} inbound {opportunities|demand|lead opportunities} for {COMPANY},542,542,0,0,0,1,0
66,Advertising - Microsoft → Proofpoint (22_04),Advertising,Microsoft,Proofpoint,2026-04,417,0,for {FIRST_NAME},504,504,1,0,0,0,0
66,Advertising - Microsoft → Proofpoint (22_04),Advertising,Microsoft,Proofpoint,2026-04,418,2,Re: {Hidden|Untapped|Overlooked} inbound {opportunities|demand|lead opportunities} for {COMPANY},507,507,1,0,0,0,0
66,Advertising - Microsoft → Proofpoint (22_04),Advertising,Microsoft,Proofpoint,2026-04,419,0,Re: {Hidden|Untapped|Overlooked} inbound {opportunities|demand|lead opportunities} for {COMPANY},480,480,0,0,0,1,0
66,Advertising - Microsoft → Proofpoint (22_04),Advertising,Microsoft,Proofpoint,2026-04,420,3,Re: {Hidden|Untapped|Overlooked} inbound {opportunities|demand|lead opportunities} for {COMPANY},225,225,1,0,0,0,0
66,Advertising - Microsoft → Proofpoint (22_04),Advertising,Microsoft,Proofpoint,2026-04,421,0,Re: {Hidden|Untapped|Overlooked} inbound {opportunities|demand|lead opportunities} for {COMPANY},200,200,1,0,0,0,0
64,Advertising - Google → Custom+Misc (22_04),Advertising,Google,Custom+Misc,2026-03,404,1,{Hidden|Untapped|Overlooked} inbound {opportunities|demand|lead opportunities} for {COMPANY},0,0,0,0,0,0,0
64,Advertising - Google → Custom+Misc (22_04),Advertising,Google,Custom+Misc,2026-03,405,0,for {FIRST_NAME},0,0,0,0,0,0,0
64,Advertising - Google → Custom+Misc (22_04),Advertising,Google,Custom+Misc,2026-03,406,2,Re: {Hidden|Untapped|Overlooked} inbound {opportunities|demand|lead opportunities} for {COMPANY},0,0,0,0,0,0,0
64,Advertising - Google → Custom+Misc (22_04),Advertising,Google,Custom+Misc,2026-03,407,0,Re: {Hidden|Untapped|Overlooked} inbound {opportunities|demand|lead opportunities} for {COMPANY},0,0,0,0,0,0,0
64,Advertising - Google → Custom+Misc (22_04),Advertising,Google,Custom+Misc,2026-03,408,3,Re: {Hidden|Untapped|Overlooked} inbound {opportunities|demand|lead opportunities} for {COMPANY},0,0,0,0,0,0,0
64,Advertising - Google → Custom+Misc (22_04),Advertising,Google,Custom+Misc,2026-03,409,0,Re: {Hidden|Untapped|Overlooked} inbound {opportunities|demand|lead opportunities} for {COMPANY},0,0,0,0,0,0,0
64,Advertising - Google → Custom+Misc (22_04),Advertising,Google,Custom+Misc,2026-04,404,1,{Hidden|Untapped|Overlooked} inbound {opportunities|demand|lead opportunities} for {COMPANY},2187,2187,37,0,1,80,0
64,Advertising - Google → Custom+Misc (22_04),Advertising,Google,Custom+Misc,2026-04,405,0,for {FIRST_NAME},2172,2172,39,0,3,75,0
64,Advertising - Google → Custom+Misc (22_04),Advertising,Google,Custom+Misc,2026-04,406,2,Re: {Hidden|Untapped|Overlooked} inbound {opportunities|demand|lead opportunities} for {COMPANY},2024,2024,30,0,3,11,0
64,Advertising - Google → Custom+Misc (22_04),Advertising,Google,Custom+Misc,2026-04,407,0,Re: {Hidden|Untapped|Overlooked} inbound {opportunities|demand|lead opportunities} for {COMPANY},2118,2118,20,0,1,14,0
64,Advertising - Google → Custom+Misc (22_04),Advertising,Google,Custom+Misc,2026-04,408,3,Re: {Hidden|Untapped|Overlooked} inbound {opportunities|demand|lead opportunities} for {COMPANY},1543,1543,14,0,1,6,0
64,Advertising - Google → Custom+Misc (22_04),Advertising,Google,Custom+Misc,2026-04,409,0,Re: {Hidden|Untapped|Overlooked} inbound {opportunities|demand|lead opportunities} for {COMPANY},1535,1535,13,0,0,7,0
58,Medical Equipment - Microsoft → Proofpoint (21_04),Medical Equipment,Microsoft,Proofpoint,2026-03,368,1,{Hidden|Untapped|Overlooked} inbound {opportunities|demand|lead opportunities} for {COMPANY},0,0,0,0,0,0,0
58,Medical Equipment - Microsoft → Proofpoint (21_04),Medical Equipment,Microsoft,Proofpoint,2026-03,369,0,for {FIRST_NAME},0,0,0,0,0,0,0
58,Medical Equipment - Microsoft → Proofpoint (21_04),Medical Equipment,Microsoft,Proofpoint,2026-03,370,2,Re: {Hidden|Untapped|Overlooked} inbound {opportunities|demand|lead opportunities} for {COMPANY},0,0,0,0,0,0,0
58,Medical Equipment - Microsoft → Proofpoint (21_04),Medical Equipment,Microsoft,Proofpoint,2026-03,371,0,Re: {Hidden|Untapped|Overlooked} inbound {opportunities|demand|lead opportunities} for {COMPANY},0,0,0,0,0,0,0
58,Medical Equipment - Microsoft → Proofpoint (21_04),Medical Equipment,Microsoft,Proofpoint,2026-03,372,3,Re: {Hidden|Untapped|Overlooked} inbound {opportunities|demand|lead opportunities} for {COMPANY},0,0,0,0,0,0,0
58,Medical Equipment - Microsoft → Proofpoint (21_04),Medical Equipment,Microsoft,Proofpoint,2026-03,373,0,Re: {Hidden|Untapped|Overlooked} inbound {opportunities|demand|lead opportunities} for {COMPANY},0,0,0,0,0,0,0
58,Medical Equipment - Microsoft → Proofpoint (21_04),Medical Equipment,Microsoft,Proofpoint,2026-04,368,1,{Hidden|Untapped|Overlooked} inbound {opportunities|demand|lead opportunities} for {COMPANY},541,541,1,0,0,2,0
58,Medical Equipment - Microsoft → Proofpoint (21_04),Medical Equipment,Microsoft,Proofpoint,2026-04,369,0,for {FIRST_NAME},505,505,3,0,0,1,0
58,Medical Equipment - Microsoft → Proofpoint (21_04),Medical Equipment,Microsoft,Proofpoint,2026-04,370,2,Re: {Hidden|Untapped|Overlooked} inbound {opportunities|demand|lead opportunities} for {COMPANY},515,515,1,0,0,0,0
58,Medical Equipment - Microsoft → Proofpoint (21_04),Medical Equipment,Microsoft,Proofpoint,2026-04,371,0,Re: {Hidden|Untapped|Overlooked} inbound {opportunities|demand|lead opportunities} for {COMPANY},514,514,0,0,0,0,0
58,Medical Equipment - Microsoft → Proofpoint (21_04),Medical Equipment,Microsoft,Proofpoint,2026-04,372,3,Re: {Hidden|Untapped|Overlooked} inbound {opportunities|demand|lead opportunities} for {COMPANY},445,445,0,0,0,0,0
58,Medical Equipment - Microsoft → Proofpoint (21_04),Medical Equipment,Microsoft,Proofpoint,2026-04,373,0,Re: {Hidden|Untapped|Overlooked} inbound {opportunities|demand|lead opportunities} for {COMPANY},451,451,0,0,0,2,0
47,Commercial - Google → Google (17_04),Commercial,Google,Google,2026-03,302,1,{Hidden|Untapped|Overlooked} inbound {opportunities|demand|lead opportunities} for {COMPANY},0,0,0,0,0,0,0
47,Commercial - Google → Google (17_04),Commercial,Google,Google,2026-03,303,0,for {FIRST_NAME},0,0,0,0,0,0,0
47,Commercial - Google → Google (17_04),Commercial,Google,Google,2026-03,304,2,Re: {Hidden|Untapped|Overlooked} inbound {opportunities|demand|lead opportunities} for {COMPANY},0,0,0,0,0,0,0
47,Commercial - Google → Google (17_04),Commercial,Google,Google,2026-03,305,0,Re: {Hidden|Untapped|Overlooked} inbound {opportunities|demand|lead opportunities} for {COMPANY},0,0,0,0,0,0,0
47,Commercial - Google → Google (17_04),Commercial,Google,Google,2026-03,306,3,Re: {Hidden|Untapped|Overlooked} inbound {opportunities|demand|lead opportunities} for {COMPANY},0,0,0,0,0,0,0
47,Commercial - Google → Google (17_04),Commercial,Google,Google,2026-03,307,0,Re: {Hidden|Untapped|Overlooked} inbound {opportunities|demand|lead opportunities} for {COMPANY},0,0,0,0,0,0,0
47,Commercial - Google → Google (17_04),Commercial,Google,Google,2026-04,302,1,{Hidden|Untapped|Overlooked} inbound {opportunities|demand|lead opportunities} for {COMPANY},1229,1229,5,0,0,2,0
47,Commercial - Google → Google (17_04),Commercial,Google,Google,2026-04,303,0,for {FIRST_NAME},1177,1177,24,0,3,2,0
47,Commercial - Google → Google (17_04),Commercial,Google,Google,2026-04,304,2,Re: {Hidden|Untapped|Overlooked} inbound {opportunities|demand|lead opportunities} for {COMPANY},1189,1189,3,0,0,3,0
47,Commercial - Google → Google (17_04),Commercial,Google,Google,2026-04,305,0,Re: {Hidden|Untapped|Overlooked} inbound {opportunities|demand|lead opportunities} for {COMPANY},1184,1184,2,0,0,0,0
47,Commercial - Google → Google (17_04),Commercial,Google,Google,2026-04,306,3,Re: {Hidden|Untapped|Overlooked} inbound {opportunities|demand|lead opportunities} for {COMPANY},1185,1185,4,0,0,1,0
47,Commercial - Google → Google (17_04),Commercial,Google,Google,2026-04,307,0,Re: {Hidden|Untapped|Overlooked} inbound {opportunities|demand|lead opportunities} for {COMPANY},1179,1179,4,0,0,0,0
51,EWWS - Google → Google (20_04),EWWS,Google,Google,2026-03,326,1,{Hidden|Untapped|Overlooked} inbound {opportunities|demand|lead opportunities} for {COMPANY},0,0,0,0,0,0,0
51,EWWS - Google → Google (20_04),EWWS,Google,Google,2026-03,327,0,for {FIRST_NAME},0,0,0,0,0,0,0
51,EWWS - Google → Google (20_04),EWWS,Google,Google,2026-03,328,2,Re: {Hidden|Untapped|Overlooked} inbound {opportunities|demand|lead opportunities} for {COMPANY},0,0,0,0,0,0,0
51,EWWS - Google → Google (20_04),EWWS,Google,Google,2026-03,329,0,Re: {Hidden|Untapped|Overlooked} inbound {opportunities|demand|lead opportunities} for {COMPANY},0,0,0,0,0,0,0
51,EWWS - Google → Google (20_04),EWWS,Google,Google,2026-03,330,3,Re: {Hidden|Untapped|Overlooked} inbound {opportunities|demand|lead opportunities} for {COMPANY},0,0,0,0,0,0,0
51,EWWS - Google → Google (20_04),EWWS,Google,Google,2026-03,331,0,Re: {Hidden|Untapped|Overlooked} inbound {opportunities|demand|lead opportunities} for {COMPANY},0,0,0,0,0,0,0
51,EWWS - Google → Google (20_04),EWWS,Google,Google,2026-04,326,1,{Hidden|Untapped|Overlooked} inbound {opportunities|demand|lead opportunities} for {COMPANY},2629,2629,8,0,0,5,0
51,EWWS - Google → Google (20_04),EWWS,Google,Google,2026-04,327,0,for {FIRST_NAME},2683,2683,72,0,2,4,0
51,EWWS - Google → Google (20_04),EWWS,Google,Google,2026-04,328,2,Re: {Hidden|Untapped|Overlooked} inbound {opportunities|demand|lead opportunities} for {COMPANY},2592,2592,15,0,1,1,0
51,EWWS - Google → Google (20_04),EWWS,Google,Google,2026-04,329,0,Re: {Hidden|Untapped|Overlooked} inbound {opportunities|demand|lead opportunities} for {COMPANY},2633,2633,17,0,0,2,0
51,EWWS - Google → Google (20_04),EWWS,Google,Google,2026-04,330,3,Re: {Hidden|Untapped|Overlooked} inbound {opportunities|demand|lead opportunities} for {COMPANY},2577,2577,17,0,0,1,0
51,EWWS - Google → Google (20_04),EWWS,Google,Google,2026-04,331,0,Re: {Hidden|Untapped|Overlooked} inbound {opportunities|demand|lead opportunities} for {COMPANY},2611,2611,12,0,0,1,0
55,Medical Equipment - Google → Google (21_04),Medical Equipment,Google,Google,2026-03,350,1,{Hidden|Untapped|Overlooked} inbound {opportunities|demand|lead opportunities} for {COMPANY},0,0,0,0,0,0,0
55,Medical Equipment - Google → Google (21_04),Medical Equipment,Google,Google,2026-03,351,0,for {FIRST_NAME},0,0,0,0,0,0,0
55,Medical Equipment - Google → Google (21_04),Medical Equipment,Google,Google,2026-03,352,2,Re: {Hidden|Untapped|Overlooked} inbound {opportunities|demand|lead opportunities} for {COMPANY},0,0,0,0,0,0,0
55,Medical Equipment - Google → Google (21_04),Medical Equipment,Google,Google,2026-03,353,0,Re: {Hidden|Untapped|Overlooked} inbound {opportunities|demand|lead opportunities} for {COMPANY},0,0,0,0,0,0,0
55,Medical Equipment - Google → Google (21_04),Medical Equipment,Google,Google,2026-03,354,3,Re: {Hidden|Untapped|Overlooked} inbound {opportunities|demand|lead opportunities} for {COMPANY},0,0,0,0,0,0,0
55,Medical Equipment - Google → Google (21_04),Medical Equipment,Google,Google,2026-03,355,0,Re: {Hidden|Untapped|Overlooked} inbound {opportunities|demand|lead opportunities} for {COMPANY},0,0,0,0,0,0,0
55,Medical Equipment - Google → Google (21_04),Medical Equipment,Google,Google,2026-04,350,1,{Hidden|Untapped|Overlooked} inbound {opportunities|demand|lead opportunities} for {COMPANY},1892,1892,6,0,0,8,0
55,Medical Equipment - Google → Google (21_04),Medical Equipment,Google,Google,2026-04,351,0,for {FIRST_NAME},1888,1888,27,0,2,7,0
55,Medical Equipment - Google → Google (21_04),Medical Equipment,Google,Google,2026-04,352,2,Re: {Hidden|Untapped|Overlooked} inbound {opportunities|demand|lead opportunities} for {COMPANY},1824,1824,5,0,0,3,0
55,Medical Equipment - Google → Google (21_04),Medical Equipment,Google,Google,2026-04,353,0,Re: {Hidden|Untapped|Overlooked} inbound {opportunities|demand|lead opportunities} for {COMPANY},1909,1909,12,0,1,2,0
55,Medical Equipment - Google → Google (21_04),Medical Equipment,Google,Google,2026-04,354,3,Re: {Hidden|Untapped|Overlooked} inbound {opportunities|demand|lead opportunities} for {COMPANY},1766,1766,13,0,0,2,0
55,Medical Equipment - Google → Google (21_04),Medical Equipment,Google,Google,2026-04,355,0,Re: {Hidden|Untapped|Overlooked} inbound {opportunities|demand|lead opportunities} for {COMPANY},1886,1886,4,0,1,3,0
52,EWWS - Google → Custom+Misc (20_04),EWWS,Google,Custom+Misc,2026-03,332,1,{Hidden|Untapped|Overlooked} inbound {opportunities|demand|lead opportunities} for {COMPANY},0,0,0,0,0,0,0
52,EWWS - Google → Custom+Misc (20_04),EWWS,Google,Custom+Misc,2026-03,333,0,for {FIRST_NAME},0,0,0,0,0,0,0
52,EWWS - Google → Custom+Misc (20_04),EWWS,Google,Custom+Misc,2026-03,334,2,Re: {Hidden|Untapped|Overlooked} inbound {opportunities|demand|lead opportunities} for {COMPANY},0,0,0,0,0,0,0
52,EWWS - Google → Custom+Misc (20_04),EWWS,Google,Custom+Misc,2026-03,335,0,Re: {Hidden|Untapped|Overlooked} inbound {opportunities|demand|lead opportunities} for {COMPANY},0,0,0,0,0,0,0
52,EWWS - Google → Custom+Misc (20_04),EWWS,Google,Custom+Misc,2026-03,336,3,Re: {Hidden|Untapped|Overlooked} inbound {opportunities|demand|lead opportunities} for {COMPANY},0,0,0,0,0,0,0
52,EWWS - Google → Custom+Misc (20_04),EWWS,Google,Custom+Misc,2026-03,337,0,Re: {Hidden|Untapped|Overlooked} inbound {opportunities|demand|lead opportunities} for {COMPANY},0,0,0,0,0,0,0
52,EWWS - Google → Custom+Misc (20_04),EWWS,Google,Custom+Misc,2026-04,332,1,{Hidden|Untapped|Overlooked} inbound {opportunities|demand|lead opportunities} for {COMPANY},2417,2417,44,0,1,77,0
52,EWWS - Google → Custom+Misc (20_04),EWWS,Google,Custom+Misc,2026-04,333,0,for {FIRST_NAME},2475,2475,67,0,1,107,0
52,EWWS - Google → Custom+Misc (20_04),EWWS,Google,Custom+Misc,2026-04,334,2,Re: {Hidden|Untapped|Overlooked} inbound {opportunities|demand|lead opportunities} for {COMPANY},2277,2277,31,0,3,11,0
52,EWWS - Google → Custom+Misc (20_04),EWWS,Google,Custom+Misc,2026-04,335,0,Re: {Hidden|Untapped|Overlooked} inbound {opportunities|demand|lead opportunities} for {COMPANY},2339,2339,22,0,1,25,0
52,EWWS - Google → Custom+Misc (20_04),EWWS,Google,Custom+Misc,2026-04,336,3,Re: {Hidden|Untapped|Overlooked} inbound {opportunities|demand|lead opportunities} for {COMPANY},2198,2198,24,0,1,9,0
52,EWWS - Google → Custom+Misc (20_04),EWWS,Google,Custom+Misc,2026-04,337,0,Re: {Hidden|Untapped|Overlooked} inbound {opportunities|demand|lead opportunities} for {COMPANY},2103,2103,16,0,1,12,0
49,Commercial - Microsoft → Outlook (17_04),Commercial,Microsoft,Outlook,2026-03,314,1,{Hidden|Untapped|Overlooked} inbound {opportunities|demand|lead opportunities} for {COMPANY},0,0,0,0,0,0,0
49,Commercial - Microsoft → Outlook (17_04),Commercial,Microsoft,Outlook,2026-03,315,0,for {FIRST_NAME},0,0,0,0,0,0,0
49,Commercial - Microsoft → Outlook (17_04),Commercial,Microsoft,Outlook,2026-03,316,2,Re: {Hidden|Untapped|Overlooked} inbound {opportunities|demand|lead opportunities} for {COMPANY},0,0,0,0,0,0,0
49,Commercial - Microsoft → Outlook (17_04),Commercial,Microsoft,Outlook,2026-03,317,0,Re: {Hidden|Untapped|Overlooked} inbound {opportunities|demand|lead opportunities} for {COMPANY},0,0,0,0,0,0,0
49,Commercial - Microsoft → Outlook (17_04),Commercial,Microsoft,Outlook,2026-03,318,3,Re: {Hidden|Untapped|Overlooked} inbound {opportunities|demand|lead opportunities} for {COMPANY},0,0,0,0,0,0,0
49,Commercial - Microsoft → Outlook (17_04),Commercial,Microsoft,Outlook,2026-03,319,0,Re: {Hidden|Untapped|Overlooked} inbound {opportunities|demand|lead opportunities} for {COMPANY},0,0,0,0,0,0,0
49,Commercial - Microsoft → Outlook (17_04),Commercial,Microsoft,Outlook,2026-04,314,1,{Hidden|Untapped|Overlooked} inbound {opportunities|demand|lead opportunities} for {COMPANY},4807,4807,14,0,1,23,0
49,Commercial - Microsoft → Outlook (17_04),Commercial,Microsoft,Outlook,2026-04,315,0,for {FIRST_NAME},4776,4776,15,0,0,37,0
49,Commercial - Microsoft → Outlook (17_04),Commercial,Microsoft,Outlook,2026-04,316,2,Re: {Hidden|Untapped|Overlooked} inbound {opportunities|demand|lead opportunities} for {COMPANY},3113,3113,13,0,0,5,0
49,Commercial - Microsoft → Outlook (17_04),Commercial,Microsoft,Outlook,2026-04,317,0,Re: {Hidden|Untapped|Overlooked} inbound {opportunities|demand|lead opportunities} for {COMPANY},3121,3121,7,0,1,3,0
49,Commercial - Microsoft → Outlook (17_04),Commercial,Microsoft,Outlook,2026-04,318,3,Re: {Hidden|Untapped|Overlooked} inbound {opportunities|demand|lead opportunities} for {COMPANY},1196,1196,4,0,0,0,0
49,Commercial - Microsoft → Outlook (17_04),Commercial,Microsoft,Outlook,2026-04,319,0,Re: {Hidden|Untapped|Overlooked} inbound {opportunities|demand|lead opportunities} for {COMPANY},1295,1295,2,0,0,1,0
48,Commercial - Google → Custom+Misc (17_04),Commercial,Google,Custom+Misc,2026-03,308,1,{Hidden|Untapped|Overlooked} inbound {opportunities|demand|lead opportunities} for {COMPANY},0,0,0,0,0,0,0
48,Commercial - Google → Custom+Misc (17_04),Commercial,Google,Custom+Misc,2026-03,309,0,for {FIRST_NAME},0,0,0,0,0,0,0
48,Commercial - Google → Custom+Misc (17_04),Commercial,Google,Custom+Misc,2026-03,310,2,Re: {Hidden|Untapped|Overlooked} inbound {opportunities|demand|lead opportunities} for {COMPANY},0,0,0,0,0,0,0
48,Commercial - Google → Custom+Misc (17_04),Commercial,Google,Custom+Misc,2026-03,311,0,Re: {Hidden|Untapped|Overlooked} inbound {opportunities|demand|lead opportunities} for {COMPANY},0,0,0,0,0,0,0
48,Commercial - Google → Custom+Misc (17_04),Commercial,Google,Custom+Misc,2026-03,312,3,Re: {Hidden|Untapped|Overlooked} inbound {opportunities|demand|lead opportunities} for {COMPANY},0,0,0,0,0,0,0
48,Commercial - Google → Custom+Misc (17_04),Commercial,Google,Custom+Misc,2026-03,313,0,Re: {Hidden|Untapped|Overlooked} inbound {opportunities|demand|lead opportunities} for {COMPANY},0,0,0,0,0,0,0
48,Commercial - Google → Custom+Misc (17_04),Commercial,Google,Custom+Misc,2026-04,308,1,{Hidden|Untapped|Overlooked} inbound {opportunities|demand|lead opportunities} for {COMPANY},2342,2342,38,0,2,72,0
48,Commercial - Google → Custom+Misc (17_04),Commercial,Google,Custom+Misc,2026-04,309,0,for {FIRST_NAME},2327,2327,50,0,1,69,0
48,Commercial - Google → Custom+Misc (17_04),Commercial,Google,Custom+Misc,2026-04,310,2,Re: {Hidden|Untapped|Overlooked} inbound {opportunities|demand|lead opportunities} for {COMPANY},2237,2237,25,0,3,10,0
48,Commercial - Google → Custom+Misc (17_04),Commercial,Google,Custom+Misc,2026-04,311,0,Re: {Hidden|Untapped|Overlooked} inbound {opportunities|demand|lead opportunities} for {COMPANY},2217,2217,20,0,2,16,0
48,Commercial - Google → Custom+Misc (17_04),Commercial,Google,Custom+Misc,2026-04,312,3,Re: {Hidden|Untapped|Overlooked} inbound {opportunities|demand|lead opportunities} for {COMPANY},2192,2192,23,0,2,8,0
48,Commercial - Google → Custom+Misc (17_04),Commercial,Google,Custom+Misc,2026-04,313,0,Re: {Hidden|Untapped|Overlooked} inbound {opportunities|demand|lead opportunities} for {COMPANY},2186,2186,22,0,0,20,0
54,EWWS - Microsoft → Proofpoint (20_04),EWWS,Microsoft,Proofpoint,2026-03,344,1,{Hidden|Untapped|Overlooked} inbound {opportunities|demand|lead opportunities} for {COMPANY},0,0,0,0,0,0,0
54,EWWS - Microsoft → Proofpoint (20_04),EWWS,Microsoft,Proofpoint,2026-03,345,0,for {FIRST_NAME},0,0,0,0,0,0,0
54,EWWS - Microsoft → Proofpoint (20_04),EWWS,Microsoft,Proofpoint,2026-03,346,2,Re: {Hidden|Untapped|Overlooked} inbound {opportunities|demand|lead opportunities} for {COMPANY},0,0,0,0,0,0,0
54,EWWS - Microsoft → Proofpoint (20_04),EWWS,Microsoft,Proofpoint,2026-03,347,0,Re: {Hidden|Untapped|Overlooked} inbound {opportunities|demand|lead opportunities} for {COMPANY},0,0,0,0,0,0,0
54,EWWS - Microsoft → Proofpoint (20_04),EWWS,Microsoft,Proofpoint,2026-03,348,3,Re: {Hidden|Untapped|Overlooked} inbound {opportunities|demand|lead opportunities} for {COMPANY},0,0,0,0,0,0,0
54,EWWS - Microsoft → Proofpoint (20_04),EWWS,Microsoft,Proofpoint,2026-03,349,0,Re: {Hidden|Untapped|Overlooked} inbound {opportunities|demand|lead opportunities} for {COMPANY},0,0,0,0,0,0,0
54,EWWS - Microsoft → Proofpoint (20_04),EWWS,Microsoft,Proofpoint,2026-04,344,1,{Hidden|Untapped|Overlooked} inbound {opportunities|demand|lead opportunities} for {COMPANY},801,801,0,0,0,3,0
54,EWWS - Microsoft → Proofpoint (20_04),EWWS,Microsoft,Proofpoint,2026-04,345,0,for {FIRST_NAME},737,737,0,0,0,4,0
54,EWWS - Microsoft → Proofpoint (20_04),EWWS,Microsoft,Proofpoint,2026-04,346,2,Re: {Hidden|Untapped|Overlooked} inbound {opportunities|demand|lead opportunities} for {COMPANY},550,550,0,0,0,0,0
54,EWWS - Microsoft → Proofpoint (20_04),EWWS,Microsoft,Proofpoint,2026-04,347,0,Re: {Hidden|Untapped|Overlooked} inbound {opportunities|demand|lead opportunities} for {COMPANY},588,588,1,0,0,2,0
54,EWWS - Microsoft → Proofpoint (20_04),EWWS,Microsoft,Proofpoint,2026-04,348,3,Re: {Hidden|Untapped|Overlooked} inbound {opportunities|demand|lead opportunities} for {COMPANY},303,303,0,0,0,0,0
54,EWWS - Microsoft → Proofpoint (20_04),EWWS,Microsoft,Proofpoint,2026-04,349,0,Re: {Hidden|Untapped|Overlooked} inbound {opportunities|demand|lead opportunities} for {COMPANY},280,280,1,0,0,0,0
50,Commercial - Microsoft → Proofpoint (17_04),Commercial,Microsoft,Proofpoint,2026-03,320,1,{Hidden|Untapped|Overlooked} inbound {opportunities|demand|lead opportunities} for {COMPANY},0,0,0,0,0,0,0
50,Commercial - Microsoft → Proofpoint (17_04),Commercial,Microsoft,Proofpoint,2026-03,321,0,for {FIRST_NAME},0,0,0,0,0,0,0
50,Commercial - Microsoft → Proofpoint (17_04),Commercial,Microsoft,Proofpoint,2026-03,322,2,Re: {Hidden|Untapped|Overlooked} inbound {opportunities|demand|lead opportunities} for {COMPANY},0,0,0,0,0,0,0
50,Commercial - Microsoft → Proofpoint (17_04),Commercial,Microsoft,Proofpoint,2026-03,323,0,Re: {Hidden|Untapped|Overlooked} inbound {opportunities|demand|lead opportunities} for {COMPANY},0,0,0,0,0,0,0
50,Commercial - Microsoft → Proofpoint (17_04),Commercial,Microsoft,Proofpoint,2026-03,324,3,Re: {Hidden|Untapped|Overlooked} inbound {opportunities|demand|lead opportunities} for {COMPANY},0,0,0,0,0,0,0
50,Commercial - Microsoft → Proofpoint (17_04),Commercial,Microsoft,Proofpoint,2026-03,325,0,Re: {Hidden|Untapped|Overlooked} inbound {opportunities|demand|lead opportunities} for {COMPANY},0,0,0,0,0,0,0
50,Commercial - Microsoft → Proofpoint (17_04),Commercial,Microsoft,Proofpoint,2026-04,320,1,{Hidden|Untapped|Overlooked} inbound {opportunities|demand|lead opportunities} for {COMPANY},703,703,2,0,0,3,0
50,Commercial - Microsoft → Proofpoint (17_04),Commercial,Microsoft,Proofpoint,2026-04,321,0,for {FIRST_NAME},745,745,0,0,0,6,0
50,Commercial - Microsoft → Proofpoint (17_04),Commercial,Microsoft,Proofpoint,2026-04,322,2,Re: {Hidden|Untapped|Overlooked} inbound {opportunities|demand|lead opportunities} for {COMPANY},152,152,0,0,0,0,0
50,Commercial - Microsoft → Proofpoint (17_04),Commercial,Microsoft,Proofpoint,2026-04,323,0,Re: {Hidden|Untapped|Overlooked} inbound {opportunities|demand|lead opportunities} for {COMPANY},157,157,0,0,0,0,0
50,Commercial - Microsoft → Proofpoint (17_04),Commercial,Microsoft,Proofpoint,2026-04,324,3,Re: {Hidden|Untapped|Overlooked} inbound {opportunities|demand|lead opportunities} for {COMPANY},99,99,0,0,0,0,0
50,Commercial - Microsoft → Proofpoint (17_04),Commercial,Microsoft,Proofpoint,2026-04,325,0,Re: {Hidden|Untapped|Overlooked} inbound {opportunities|demand|lead opportunities} for {COMPANY},105,105,0,0,0,0,0
53,EWWS - Microsoft → Outlook (20_04),EWWS,Microsoft,Outlook,2026-03,338,1,{Hidden|Untapped|Overlooked} inbound {opportunities|demand|lead opportunities} for {COMPANY},0,0,0,0,0,0,0
53,EWWS - Microsoft → Outlook (20_04),EWWS,Microsoft,Outlook,2026-03,339,0,for {FIRST_NAME},0,0,0,0,0,0,0
53,EWWS - Microsoft → Outlook (20_04),EWWS,Microsoft,Outlook,2026-03,340,2,Re: {Hidden|Untapped|Overlooked} inbound {opportunities|demand|lead opportunities} for {COMPANY},0,0,0,0,0,0,0
53,EWWS - Microsoft → Outlook (20_04),EWWS,Microsoft,Outlook,2026-03,341,0,Re: {Hidden|Untapped|Overlooked} inbound {opportunities|demand|lead opportunities} for {COMPANY},0,0,0,0,0,0,0
53,EWWS - Microsoft → Outlook (20_04),EWWS,Microsoft,Outlook,2026-03,342,3,Re: {Hidden|Untapped|Overlooked} inbound {opportunities|demand|lead opportunities} for {COMPANY},0,0,0,0,0,0,0
53,EWWS - Microsoft → Outlook (20_04),EWWS,Microsoft,Outlook,2026-03,343,0,Re: {Hidden|Untapped|Overlooked} inbound {opportunities|demand|lead opportunities} for {COMPANY},0,0,0,0,0,0,0
53,EWWS - Microsoft → Outlook (20_04),EWWS,Microsoft,Outlook,2026-04,338,1,{Hidden|Untapped|Overlooked} inbound {opportunities|demand|lead opportunities} for {COMPANY},4506,4506,15,0,0,50,0
53,EWWS - Microsoft → Outlook (20_04),EWWS,Microsoft,Outlook,2026-04,339,0,for {FIRST_NAME},4691,4691,8,0,0,51,0
53,EWWS - Microsoft → Outlook (20_04),EWWS,Microsoft,Outlook,2026-04,340,2,Re: {Hidden|Untapped|Overlooked} inbound {opportunities|demand|lead opportunities} for {COMPANY},3562,3562,12,0,2,10,0
53,EWWS - Microsoft → Outlook (20_04),EWWS,Microsoft,Outlook,2026-04,341,0,Re: {Hidden|Untapped|Overlooked} inbound {opportunities|demand|lead opportunities} for {COMPANY},3389,3389,10,0,0,9,0
53,EWWS - Microsoft → Outlook (20_04),EWWS,Microsoft,Outlook,2026-04,342,3,Re: {Hidden|Untapped|Overlooked} inbound {opportunities|demand|lead opportunities} for {COMPANY},0,0,0,0,0,0,0
53,EWWS - Microsoft → Outlook (20_04),EWWS,Microsoft,Outlook,2026-04,343,0,Re: {Hidden|Untapped|Overlooked} inbound {opportunities|demand|lead opportunities} for {COMPANY},0,0,0,0,0,0,0
44,BCS - Microsoft → Outlook (15_04),BCS,Microsoft,Outlook,2026-03,278,1,{Hidden|Untapped|Overlooked} inbound {opportunities|demand|lead opportunities} for {COMPANY},0,0,0,0,0,0,0
44,BCS - Microsoft → Outlook (15_04),BCS,Microsoft,Outlook,2026-03,279,0,for {FIRST_NAME},0,0,0,0,0,0,0
44,BCS - Microsoft → Outlook (15_04),BCS,Microsoft,Outlook,2026-03,280,2,Re: {Hidden|Untapped|Overlooked} inbound {opportunities|demand|lead opportunities} for {COMPANY},0,0,0,0,0,0,0
44,BCS - Microsoft → Outlook (15_04),BCS,Microsoft,Outlook,2026-03,281,0,Re: {Hidden|Untapped|Overlooked} inbound {opportunities|demand|lead opportunities} for {COMPANY},0,0,0,0,0,0,0
44,BCS - Microsoft → Outlook (15_04),BCS,Microsoft,Outlook,2026-03,284,3,Re: {Hidden|Untapped|Overlooked} inbound {opportunities|demand|lead opportunities} for {COMPANY},0,0,0,0,0,0,0
44,BCS - Microsoft → Outlook (15_04),BCS,Microsoft,Outlook,2026-03,285,0,Re: {Hidden|Untapped|Overlooked} inbound {opportunities|demand|lead opportunities} for {COMPANY},0,0,0,0,0,0,0
44,BCS - Microsoft → Outlook (15_04),BCS,Microsoft,Outlook,2026-04,278,1,{Hidden|Untapped|Overlooked} inbound {opportunities|demand|lead opportunities} for {COMPANY},9175,9175,18,0,0,49,0
44,BCS - Microsoft → Outlook (15_04),BCS,Microsoft,Outlook,2026-04,279,0,for {FIRST_NAME},8944,8944,29,0,0,51,0
44,BCS - Microsoft → Outlook (15_04),BCS,Microsoft,Outlook,2026-04,280,2,Re: {Hidden|Untapped|Overlooked} inbound {opportunities|demand|lead opportunities} for {COMPANY},6800,6800,15,0,0,7,0
44,BCS - Microsoft → Outlook (15_04),BCS,Microsoft,Outlook,2026-04,281,0,Re: {Hidden|Untapped|Overlooked} inbound {opportunities|demand|lead opportunities} for {COMPANY},6821,6821,10,0,0,13,0
44,BCS - Microsoft → Outlook (15_04),BCS,Microsoft,Outlook,2026-04,284,3,Re: {Hidden|Untapped|Overlooked} inbound {opportunities|demand|lead opportunities} for {COMPANY},4739,4739,12,0,1,8,0
44,BCS - Microsoft → Outlook (15_04),BCS,Microsoft,Outlook,2026-04,285,0,Re: {Hidden|Untapped|Overlooked} inbound {opportunities|demand|lead opportunities} for {COMPANY},4831,4831,7,0,0,7,0
43,BCS - Google → Custom+Misc (15_04),BCS,Google,Custom+Misc,2026-03,270,1,{Hidden|Untapped|Overlooked} inbound {opportunities|demand|lead opportunities} for {COMPANY},0,0,0,0,0,0,0
43,BCS - Google → Custom+Misc (15_04),BCS,Google,Custom+Misc,2026-03,271,0,for {FIRST_NAME},0,0,0,0,0,0,0
43,BCS - Google → Custom+Misc (15_04),BCS,Google,Custom+Misc,2026-03,272,2,Re: {Hidden|Untapped|Overlooked} inbound {opportunities|demand|lead opportunities} for {COMPANY},0,0,0,0,0,0,0
43,BCS - Google → Custom+Misc (15_04),BCS,Google,Custom+Misc,2026-03,273,0,Re: {Hidden|Untapped|Overlooked} inbound {opportunities|demand|lead opportunities} for {COMPANY},0,0,0,0,0,0,0
43,BCS - Google → Custom+Misc (15_04),BCS,Google,Custom+Misc,2026-03,276,3,Re: {Hidden|Untapped|Overlooked} inbound {opportunities|demand|lead opportunities} for {COMPANY},0,0,0,0,0,0,0
43,BCS - Google → Custom+Misc (15_04),BCS,Google,Custom+Misc,2026-03,277,0,Re: {Hidden|Untapped|Overlooked} inbound {opportunities|demand|lead opportunities} for {COMPANY},0,0,0,0,0,0,0
43,BCS - Google → Custom+Misc (15_04),BCS,Google,Custom+Misc,2026-04,270,1,{Hidden|Untapped|Overlooked} inbound {opportunities|demand|lead opportunities} for {COMPANY},2787,2787,26,0,1,89,0
43,BCS - Google → Custom+Misc (15_04),BCS,Google,Custom+Misc,2026-04,271,0,for {FIRST_NAME},2820,2820,43,0,1,108,0
43,BCS - Google → Custom+Misc (15_04),BCS,Google,Custom+Misc,2026-04,272,2,Re: {Hidden|Untapped|Overlooked} inbound {opportunities|demand|lead opportunities} for {COMPANY},2688,2688,20,0,3,9,0
43,BCS - Google → Custom+Misc (15_04),BCS,Google,Custom+Misc,2026-04,273,0,Re: {Hidden|Untapped|Overlooked} inbound {opportunities|demand|lead opportunities} for {COMPANY},2631,2631,20,0,0,15,0
43,BCS - Google → Custom+Misc (15_04),BCS,Google,Custom+Misc,2026-04,276,3,Re: {Hidden|Untapped|Overlooked} inbound {opportunities|demand|lead opportunities} for {COMPANY},2624,2624,28,0,0,6,0
43,BCS - Google → Custom+Misc (15_04),BCS,Google,Custom+Misc,2026-04,277,0,Re: {Hidden|Untapped|Overlooked} inbound {opportunities|demand|lead opportunities} for {COMPANY},2631,2631,13,0,1,8,0
37,Truck Transportation- Microsoft → Proofpoint (09_04),Truck Transportation,Microsoft,Proofpoint,2026-03,239,1,{Hidden|Untapped|Overlooked} inbound {opportunities|demand|lead opportunities} for {COMPANY},0,0,0,0,0,0,0
37,Truck Transportation- Microsoft → Proofpoint (09_04),Truck Transportation,Microsoft,Proofpoint,2026-03,240,0,for {FIRST_NAME},0,0,0,0,0,0,0
37,Truck Transportation- Microsoft → Proofpoint (09_04),Truck Transportation,Microsoft,Proofpoint,2026-03,241,2,Re: {Hidden|Untapped|Overlooked} inbound {opportunities|demand|lead opportunities} for {COMPANY},0,0,0,0,0,0,0
37,Truck Transportation- Microsoft → Proofpoint (09_04),Truck Transportation,Microsoft,Proofpoint,2026-03,242,0,Re: {Hidden|Untapped|Overlooked} inbound {opportunities|demand|lead opportunities} for {COMPANY},0,0,0,0,0,0,0
37,Truck Transportation- Microsoft → Proofpoint (09_04),Truck Transportation,Microsoft,Proofpoint,2026-03,243,3,Re: {Hidden|Untapped|Overlooked} inbound {opportunities|demand|lead opportunities} for {COMPANY},0,0,0,0,0,0,0
37,Truck Transportation- Microsoft → Proofpoint (09_04),Truck Transportation,Microsoft,Proofpoint,2026-03,244,0,Re: {Hidden|Untapped|Overlooked} inbound {opportunities|demand|lead opportunities} for {COMPANY},0,0,0,0,0,0,0
37,Truck Transportation- Microsoft → Proofpoint (09_04),Truck Transportation,Microsoft,Proofpoint,2026-03,245,4,Re: {Hidden|Untapped|Overlooked} inbound {opportunities|demand|lead opportunities} for {COMPANY},0,0,0,0,0,0,0
37,Truck Transportation- Microsoft → Proofpoint (09_04),Truck Transportation,Microsoft,Proofpoint,2026-03,246,0,Re: {Hidden|Untapped|Overlooked} inbound {opportunities|demand|lead opportunities} for {COMPANY},0,0,0,0,0,0,0
37,Truck Transportation- Microsoft → Proofpoint (09_04),Truck Transportation,Microsoft,Proofpoint,2026-04,239,1,{Hidden|Untapped|Overlooked} inbound {opportunities|demand|lead opportunities} for {COMPANY},1081,1081,2,0,0,28,0
37,Truck Transportation- Microsoft → Proofpoint (09_04),Truck Transportation,Microsoft,Proofpoint,2026-04,240,0,for {FIRST_NAME},1115,1115,3,0,0,40,0
37,Truck Transportation- Microsoft → Proofpoint (09_04),Truck Transportation,Microsoft,Proofpoint,2026-04,241,2,Re: {Hidden|Untapped|Overlooked} inbound {opportunities|demand|lead opportunities} for {COMPANY},1088,1088,1,0,0,1,0
37,Truck Transportation- Microsoft → Proofpoint (09_04),Truck Transportation,Microsoft,Proofpoint,2026-04,242,0,Re: {Hidden|Untapped|Overlooked} inbound {opportunities|demand|lead opportunities} for {COMPANY},1028,1028,2,0,0,2,0
37,Truck Transportation- Microsoft → Proofpoint (09_04),Truck Transportation,Microsoft,Proofpoint,2026-04,243,3,Re: {Hidden|Untapped|Overlooked} inbound {opportunities|demand|lead opportunities} for {COMPANY},989,989,0,0,0,3,0
37,Truck Transportation- Microsoft → Proofpoint (09_04),Truck Transportation,Microsoft,Proofpoint,2026-04,244,0,Re: {Hidden|Untapped|Overlooked} inbound {opportunities|demand|lead opportunities} for {COMPANY},1017,1017,0,0,0,1,0
37,Truck Transportation- Microsoft → Proofpoint (09_04),Truck Transportation,Microsoft,Proofpoint,2026-04,245,4,Re: {Hidden|Untapped|Overlooked} inbound {opportunities|demand|lead opportunities} for {COMPANY},919,919,3,0,0,1,0
37,Truck Transportation- Microsoft → Proofpoint (09_04),Truck Transportation,Microsoft,Proofpoint,2026-04,246,0,Re: {Hidden|Untapped|Overlooked} inbound {opportunities|demand|lead opportunities} for {COMPANY},895,895,1,0,0,0,0
42,BCS - Google → Google (15_04),BCS,Google,Google,2026-03,262,1,{Hidden|Untapped|Overlooked} inbound {opportunities|demand|lead opportunities} for {COMPANY},0,0,0,0,0,0,0
42,BCS - Google → Google (15_04),BCS,Google,Google,2026-03,263,0,for {FIRST_NAME},0,0,0,0,0,0,0
42,BCS - Google → Google (15_04),BCS,Google,Google,2026-03,264,2,Re: {Hidden|Untapped|Overlooked} inbound {opportunities|demand|lead opportunities} for {COMPANY},0,0,0,0,0,0,0
42,BCS - Google → Google (15_04),BCS,Google,Google,2026-03,265,0,Re: {Hidden|Untapped|Overlooked} inbound {opportunities|demand|lead opportunities} for {COMPANY},0,0,0,0,0,0,0
42,BCS - Google → Google (15_04),BCS,Google,Google,2026-03,268,3,Re: {Hidden|Untapped|Overlooked} inbound {opportunities|demand|lead opportunities} for {COMPANY},0,0,0,0,0,0,0
42,BCS - Google → Google (15_04),BCS,Google,Google,2026-03,269,0,Re: {Hidden|Untapped|Overlooked} inbound {opportunities|demand|lead opportunities} for {COMPANY},0,0,0,0,0,0,0
42,BCS - Google → Google (15_04),BCS,Google,Google,2026-04,262,1,{Hidden|Untapped|Overlooked} inbound {opportunities|demand|lead opportunities} for {COMPANY},4302,4302,21,0,1,27,0
42,BCS - Google → Google (15_04),BCS,Google,Google,2026-04,263,0,for {FIRST_NAME},4314,4314,87,0,7,31,0
42,BCS - Google → Google (15_04),BCS,Google,Google,2026-04,264,2,Re: {Hidden|Untapped|Overlooked} inbound {opportunities|demand|lead opportunities} for {COMPANY},4163,4163,23,0,3,8,0
42,BCS - Google → Google (15_04),BCS,Google,Google,2026-04,265,0,Re: {Hidden|Untapped|Overlooked} inbound {opportunities|demand|lead opportunities} for {COMPANY},4198,4198,22,0,1,4,0
42,BCS - Google → Google (15_04),BCS,Google,Google,2026-04,268,3,Re: {Hidden|Untapped|Overlooked} inbound {opportunities|demand|lead opportunities} for {COMPANY},4125,4125,21,0,0,5,0
42,BCS - Google → Google (15_04),BCS,Google,Google,2026-04,269,0,Re: {Hidden|Untapped|Overlooked} inbound {opportunities|demand|lead opportunities} for {COMPANY},4110,4110,13,0,1,2,0
45,BCS - Microsoft → Proofpoint (15_04),BCS,Microsoft,Proofpoint,2026-03,286,1,{Hidden|Untapped|Overlooked} inbound {opportunities|demand|lead opportunities} for {COMPANY},0,0,0,0,0,0,0
45,BCS - Microsoft → Proofpoint (15_04),BCS,Microsoft,Proofpoint,2026-03,287,0,for {FIRST_NAME},0,0,0,0,0,0,0
45,BCS - Microsoft → Proofpoint (15_04),BCS,Microsoft,Proofpoint,2026-03,288,2,Re: {Hidden|Untapped|Overlooked} inbound {opportunities|demand|lead opportunities} for {COMPANY},0,0,0,0,0,0,0
45,BCS - Microsoft → Proofpoint (15_04),BCS,Microsoft,Proofpoint,2026-03,289,0,Re: {Hidden|Untapped|Overlooked} inbound {opportunities|demand|lead opportunities} for {COMPANY},0,0,0,0,0,0,0
45,BCS - Microsoft → Proofpoint (15_04),BCS,Microsoft,Proofpoint,2026-03,292,3,Re: {Hidden|Untapped|Overlooked} inbound {opportunities|demand|lead opportunities} for {COMPANY},0,0,0,0,0,0,0
45,BCS - Microsoft → Proofpoint (15_04),BCS,Microsoft,Proofpoint,2026-03,293,0,Re: {Hidden|Untapped|Overlooked} inbound {opportunities|demand|lead opportunities} for {COMPANY},0,0,0,0,0,0,0
45,BCS - Microsoft → Proofpoint (15_04),BCS,Microsoft,Proofpoint,2026-04,286,1,{Hidden|Untapped|Overlooked} inbound {opportunities|demand|lead opportunities} for {COMPANY},961,961,0,0,0,2,0
45,BCS - Microsoft → Proofpoint (15_04),BCS,Microsoft,Proofpoint,2026-04,287,0,for {FIRST_NAME},1016,1016,2,0,0,2,0
45,BCS - Microsoft → Proofpoint (15_04),BCS,Microsoft,Proofpoint,2026-04,288,2,Re: {Hidden|Untapped|Overlooked} inbound {opportunities|demand|lead opportunities} for {COMPANY},744,744,0,0,0,1,0
45,BCS - Microsoft → Proofpoint (15_04),BCS,Microsoft,Proofpoint,2026-04,289,0,Re: {Hidden|Untapped|Overlooked} inbound {opportunities|demand|lead opportunities} for {COMPANY},777,777,0,0,0,1,0
45,BCS - Microsoft → Proofpoint (15_04),BCS,Microsoft,Proofpoint,2026-04,292,3,Re: {Hidden|Untapped|Overlooked} inbound {opportunities|demand|lead opportunities} for {COMPANY},444,444,1,0,0,0,0
45,BCS - Microsoft → Proofpoint (15_04),BCS,Microsoft,Proofpoint,2026-04,293,0,Re: {Hidden|Untapped|Overlooked} inbound {opportunities|demand|lead opportunities} for {COMPANY},466,466,0,0,0,0,0
35,Truck Transportation - Google → Custom+Misc (09_04),Truck Transportation,Google,Custom+Misc,2026-03,223,1,{Hidden|Untapped|Overlooked} inbound {opportunities|demand|lead opportunities} for {COMPANY},0,0,0,0,0,0,0
35,Truck Transportation - Google → Custom+Misc (09_04),Truck Transportation,Google,Custom+Misc,2026-03,224,0,for {FIRST_NAME},0,0,0,0,0,0,0
35,Truck Transportation - Google → Custom+Misc (09_04),Truck Transportation,Google,Custom+Misc,2026-03,225,2,Re: {Hidden|Untapped|Overlooked} inbound {opportunities|demand|lead opportunities} for {COMPANY},0,0,0,0,0,0,0
35,Truck Transportation - Google → Custom+Misc (09_04),Truck Transportation,Google,Custom+Misc,2026-03,226,0,Re: {Hidden|Untapped|Overlooked} inbound {opportunities|demand|lead opportunities} for {COMPANY},0,0,0,0,0,0,0
35,Truck Transportation - Google → Custom+Misc (09_04),Truck Transportation,Google,Custom+Misc,2026-03,227,3,Re: {Hidden|Untapped|Overlooked} inbound {opportunities|demand|lead opportunities} for {COMPANY},0,0,0,0,0,0,0
35,Truck Transportation - Google → Custom+Misc (09_04),Truck Transportation,Google,Custom+Misc,2026-03,228,0,Re: {Hidden|Untapped|Overlooked} inbound {opportunities|demand|lead opportunities} for {COMPANY},0,0,0,0,0,0,0
35,Truck Transportation - Google → Custom+Misc (09_04),Truck Transportation,Google,Custom+Misc,2026-03,229,4,Re: {Hidden|Untapped|Overlooked} inbound {opportunities|demand|lead opportunities} for {COMPANY},0,0,0,0,0,0,0
35,Truck Transportation - Google → Custom+Misc (09_04),Truck Transportation,Google,Custom+Misc,2026-03,230,0,Re: {Hidden|Untapped|Overlooked} inbound {opportunities|demand|lead opportunities} for {COMPANY},0,0,0,0,0,0,0
35,Truck Transportation - Google → Custom+Misc (09_04),Truck Transportation,Google,Custom+Misc,2026-04,223,1,{Hidden|Untapped|Overlooked} inbound {opportunities|demand|lead opportunities} for {COMPANY},5909,5909,120,0,6,469,0
35,Truck Transportation - Google → Custom+Misc (09_04),Truck Transportation,Google,Custom+Misc,2026-04,224,0,for {FIRST_NAME},6043,6043,126,0,5,557,0
35,Truck Transportation - Google → Custom+Misc (09_04),Truck Transportation,Google,Custom+Misc,2026-04,225,2,Re: {Hidden|Untapped|Overlooked} inbound {opportunities|demand|lead opportunities} for {COMPANY},5241,5240,48,0,4,42,0
35,Truck Transportation - Google → Custom+Misc (09_04),Truck Transportation,Google,Custom+Misc,2026-04,226,0,Re: {Hidden|Untapped|Overlooked} inbound {opportunities|demand|lead opportunities} for {COMPANY},5476,5476,30,0,0,76,0
35,Truck Transportation - Google → Custom+Misc (09_04),Truck Transportation,Google,Custom+Misc,2026-04,227,3,Re: {Hidden|Untapped|Overlooked} inbound {opportunities|demand|lead opportunities} for {COMPANY},5238,5238,43,0,2,30,0
35,Truck Transportation - Google → Custom+Misc (09_04),Truck Transportation,Google,Custom+Misc,2026-04,228,0,Re: {Hidden|Untapped|Overlooked} inbound {opportunities|demand|lead opportunities} for {COMPANY},5208,5208,46,0,1,20,0
35,Truck Transportation - Google → Custom+Misc (09_04),Truck Transportation,Google,Custom+Misc,2026-04,229,4,Re: {Hidden|Untapped|Overlooked} inbound {opportunities|demand|lead opportunities} for {COMPANY},5228,5228,51,0,2,20,0
35,Truck Transportation - Google → Custom+Misc (09_04),Truck Transportation,Google,Custom+Misc,2026-04,230,0,Re: {Hidden|Untapped|Overlooked} inbound {opportunities|demand|lead opportunities} for {COMPANY},4983,4983,29,0,0,30,0
30,IT And Consulting - Google → Custom+Misc (27_03),IT & Consulting,Google,Custom+Misc,2026-03,190,1,{Hidden|Untapped|Overlooked} inbound {opportunities|demand|lead opportunities} for {COMPANY},3606,3606,37,0,1,474,0
30,IT And Consulting - Google → Custom+Misc (27_03),IT & Consulting,Google,Custom+Misc,2026-03,191,0,for {FIRST_NAME},3702,3702,66,0,3,557,0
30,IT And Consulting - Google → Custom+Misc (27_03),IT & Consulting,Google,Custom+Misc,2026-03,192,2,Re: {Hidden|Untapped|Overlooked} inbound {opportunities|demand|lead opportunities} for {COMPANY},1691,1691,17,0,3,5,0
30,IT And Consulting - Google → Custom+Misc (27_03),IT & Consulting,Google,Custom+Misc,2026-03,193,0,Re: {Hidden|Untapped|Overlooked} inbound {opportunities|demand|lead opportunities} for {COMPANY},1700,1700,9,0,1,10,0
30,IT And Consulting - Google → Custom+Misc (27_03),IT & Consulting,Google,Custom+Misc,2026-03,194,3,Re: {Hidden|Untapped|Overlooked} inbound {opportunities|demand|lead opportunities} for {COMPANY},1314,1314,9,0,0,4,0
30,IT And Consulting - Google → Custom+Misc (27_03),IT & Consulting,Google,Custom+Misc,2026-03,195,0,Re: {Hidden|Untapped|Overlooked} inbound {opportunities|demand|lead opportunities} for {COMPANY},1315,1315,5,0,0,6,0
30,IT And Consulting - Google → Custom+Misc (27_03),IT & Consulting,Google,Custom+Misc,2026-03,196,4,Re: {Hidden|Untapped|Overlooked} inbound {opportunities|demand|lead opportunities} for {COMPANY},0,0,0,0,0,0,0
30,IT And Consulting - Google → Custom+Misc (27_03),IT & Consulting,Google,Custom+Misc,2026-03,197,0,Re: {Hidden|Untapped|Overlooked} inbound {opportunities|demand|lead opportunities} for {COMPANY},0,0,0,0,0,0,0
30,IT And Consulting - Google → Custom+Misc (27_03),IT & Consulting,Google,Custom+Misc,2026-04,190,1,{Hidden|Untapped|Overlooked} inbound {opportunities|demand|lead opportunities} for {COMPANY},22802,22801,297,0,34,2408,0
30,IT And Consulting - Google → Custom+Misc (27_03),IT & Consulting,Google,Custom+Misc,2026-04,191,0,for {FIRST_NAME},22851,22851,417,0,40,2527,0
30,IT And Consulting - Google → Custom+Misc (27_03),IT & Consulting,Google,Custom+Misc,2026-04,192,2,Re: {Hidden|Untapped|Overlooked} inbound {opportunities|demand|lead opportunities} for {COMPANY},22063,22063,201,0,46,355,0
30,IT And Consulting - Google → Custom+Misc (27_03),IT & Consulting,Google,Custom+Misc,2026-04,193,0,Re: {Hidden|Untapped|Overlooked} inbound {opportunities|demand|lead opportunities} for {COMPANY},21610,21609,143,0,15,376,0
30,IT And Consulting - Google → Custom+Misc (27_03),IT & Consulting,Google,Custom+Misc,2026-04,194,3,Re: {Hidden|Untapped|Overlooked} inbound {opportunities|demand|lead opportunities} for {COMPANY},21582,21582,145,0,21,110,0
30,IT And Consulting - Google → Custom+Misc (27_03),IT & Consulting,Google,Custom+Misc,2026-04,195,0,Re: {Hidden|Untapped|Overlooked} inbound {opportunities|demand|lead opportunities} for {COMPANY},21876,21875,130,0,12,148,0
30,IT And Consulting - Google → Custom+Misc (27_03),IT & Consulting,Google,Custom+Misc,2026-04,196,4,Re: {Hidden|Untapped|Overlooked} inbound {opportunities|demand|lead opportunities} for {COMPANY},22838,22837,177,0,16,82,0
30,IT And Consulting - Google → Custom+Misc (27_03),IT & Consulting,Google,Custom+Misc,2026-04,197,0,Re: {Hidden|Untapped|Overlooked} inbound {opportunities|demand|lead opportunities} for {COMPANY},22679,22679,133,0,17,110,0
36,Truck Transportation - Microsoft → Outlook (09_04),Truck Transportation,Microsoft,Outlook,2026-03,231,1,{Hidden|Untapped|Overlooked} inbound {opportunities|demand|lead opportunities} for {COMPANY},0,0,0,0,0,0,0
36,Truck Transportation - Microsoft → Outlook (09_04),Truck Transportation,Microsoft,Outlook,2026-03,232,0,for {FIRST_NAME},0,0,0,0,0,0,0
36,Truck Transportation - Microsoft → Outlook (09_04),Truck Transportation,Microsoft,Outlook,2026-03,233,2,Re: {Hidden|Untapped|Overlooked} inbound {opportunities|demand|lead opportunities} for {COMPANY},0,0,0,0,0,0,0
36,Truck Transportation - Microsoft → Outlook (09_04),Truck Transportation,Microsoft,Outlook,2026-03,234,0,Re: {Hidden|Untapped|Overlooked} inbound {opportunities|demand|lead opportunities} for {COMPANY},0,0,0,0,0,0,0
36,Truck Transportation - Microsoft → Outlook (09_04),Truck Transportation,Microsoft,Outlook,2026-03,235,3,Re: {Hidden|Untapped|Overlooked} inbound {opportunities|demand|lead opportunities} for {COMPANY},0,0,0,0,0,0,0
36,Truck Transportation - Microsoft → Outlook (09_04),Truck Transportation,Microsoft,Outlook,2026-03,236,0,Re: {Hidden|Untapped|Overlooked} inbound {opportunities|demand|lead opportunities} for {COMPANY},0,0,0,0,0,0,0
36,Truck Transportation - Microsoft → Outlook (09_04),Truck Transportation,Microsoft,Outlook,2026-03,237,4,Re: {Hidden|Untapped|Overlooked} inbound {opportunities|demand|lead opportunities} for {COMPANY},0,0,0,0,0,0,0
36,Truck Transportation - Microsoft → Outlook (09_04),Truck Transportation,Microsoft,Outlook,2026-03,238,0,Re: {Hidden|Untapped|Overlooked} inbound {opportunities|demand|lead opportunities} for {COMPANY},0,0,0,0,0,0,0
36,Truck Transportation - Microsoft → Outlook (09_04),Truck Transportation,Microsoft,Outlook,2026-04,231,1,{Hidden|Untapped|Overlooked} inbound {opportunities|demand|lead opportunities} for {COMPANY},7623,7623,21,0,2,352,0
36,Truck Transportation - Microsoft → Outlook (09_04),Truck Transportation,Microsoft,Outlook,2026-04,232,0,for {FIRST_NAME},7598,7598,23,0,0,390,0
36,Truck Transportation - Microsoft → Outlook (09_04),Truck Transportation,Microsoft,Outlook,2026-04,233,2,Re: {Hidden|Untapped|Overlooked} inbound {opportunities|demand|lead opportunities} for {COMPANY},6642,6642,17,0,1,21,0
36,Truck Transportation - Microsoft → Outlook (09_04),Truck Transportation,Microsoft,Outlook,2026-04,234,0,Re: {Hidden|Untapped|Overlooked} inbound {opportunities|demand|lead opportunities} for {COMPANY},6659,6659,15,0,1,24,0
36,Truck Transportation - Microsoft → Outlook (09_04),Truck Transportation,Microsoft,Outlook,2026-04,235,3,Re: {Hidden|Untapped|Overlooked} inbound {opportunities|demand|lead opportunities} for {COMPANY},5511,5511,14,0,2,11,0
36,Truck Transportation - Microsoft → Outlook (09_04),Truck Transportation,Microsoft,Outlook,2026-04,236,0,Re: {Hidden|Untapped|Overlooked} inbound {opportunities|demand|lead opportunities} for {COMPANY},5420,5420,8,0,1,15,0
36,Truck Transportation - Microsoft → Outlook (09_04),Truck Transportation,Microsoft,Outlook,2026-04,237,4,Re: {Hidden|Untapped|Overlooked} inbound {opportunities|demand|lead opportunities} for {COMPANY},2832,2832,7,0,0,3,0
36,Truck Transportation - Microsoft → Outlook (09_04),Truck Transportation,Microsoft,Outlook,2026-04,238,0,Re: {Hidden|Untapped|Overlooked} inbound {opportunities|demand|lead opportunities} for {COMPANY},2834,2834,4,0,0,4,0
34,Truck Transportation - Google → Google (09_04),Truck Transportation,Google,Google,2026-03,215,1,{Hidden|Untapped|Overlooked} inbound {opportunities|demand|lead opportunities} for {COMPANY},0,0,0,0,0,0,0
34,Truck Transportation - Google → Google (09_04),Truck Transportation,Google,Google,2026-03,216,0,for {FIRST_NAME},0,0,0,0,0,0,0
34,Truck Transportation - Google → Google (09_04),Truck Transportation,Google,Google,2026-03,217,2,Re: {Hidden|Untapped|Overlooked} inbound {opportunities|demand|lead opportunities} for {COMPANY},0,0,0,0,0,0,0
34,Truck Transportation - Google → Google (09_04),Truck Transportation,Google,Google,2026-03,218,0,Re: {Hidden|Untapped|Overlooked} inbound {opportunities|demand|lead opportunities} for {COMPANY},0,0,0,0,0,0,0
34,Truck Transportation - Google → Google (09_04),Truck Transportation,Google,Google,2026-03,219,3,Re: {Hidden|Untapped|Overlooked} inbound {opportunities|demand|lead opportunities} for {COMPANY},0,0,0,0,0,0,0
34,Truck Transportation - Google → Google (09_04),Truck Transportation,Google,Google,2026-03,220,0,Re: {Hidden|Untapped|Overlooked} inbound {opportunities|demand|lead opportunities} for {COMPANY},0,0,0,0,0,0,0
34,Truck Transportation - Google → Google (09_04),Truck Transportation,Google,Google,2026-03,221,4,Re: {Hidden|Untapped|Overlooked} inbound {opportunities|demand|lead opportunities} for {COMPANY},0,0,0,0,0,0,0
34,Truck Transportation - Google → Google (09_04),Truck Transportation,Google,Google,2026-03,222,0,Re: {Hidden|Untapped|Overlooked} inbound {opportunities|demand|lead opportunities} for {COMPANY},0,0,0,0,0,0,0
34,Truck Transportation - Google → Google (09_04),Truck Transportation,Google,Google,2026-04,215,1,{Hidden|Untapped|Overlooked} inbound {opportunities|demand|lead opportunities} for {COMPANY},3046,3046,37,0,2,56,0
34,Truck Transportation - Google → Google (09_04),Truck Transportation,Google,Google,2026-04,216,0,for {FIRST_NAME},3015,3015,79,0,6,41,0
34,Truck Transportation - Google → Google (09_04),Truck Transportation,Google,Google,2026-04,217,2,Re: {Hidden|Untapped|Overlooked} inbound {opportunities|demand|lead opportunities} for {COMPANY},2942,2942,20,0,2,6,0
34,Truck Transportation - Google → Google (09_04),Truck Transportation,Google,Google,2026-04,218,0,Re: {Hidden|Untapped|Overlooked} inbound {opportunities|demand|lead opportunities} for {COMPANY},2928,2928,24,0,1,12,0
34,Truck Transportation - Google → Google (09_04),Truck Transportation,Google,Google,2026-04,219,3,Re: {Hidden|Untapped|Overlooked} inbound {opportunities|demand|lead opportunities} for {COMPANY},2859,2859,19,0,1,6,0
34,Truck Transportation - Google → Google (09_04),Truck Transportation,Google,Google,2026-04,220,0,Re: {Hidden|Untapped|Overlooked} inbound {opportunities|demand|lead opportunities} for {COMPANY},2941,2941,31,0,2,5,0
34,Truck Transportation - Google → Google (09_04),Truck Transportation,Google,Google,2026-04,221,4,Re: {Hidden|Untapped|Overlooked} inbound {opportunities|demand|lead opportunities} for {COMPANY},2814,2814,27,0,3,14,0
34,Truck Transportation - Google → Google (09_04),Truck Transportation,Google,Google,2026-04,222,0,Re: {Hidden|Untapped|Overlooked} inbound {opportunities|demand|lead opportunities} for {COMPANY},2881,2881,20,0,2,2,0
32,IT And Consulting - Microsoft → Proofpoint (27_03),IT & Consulting,Microsoft,Proofpoint,2026-03,206,1,{Hidden|Untapped|Overlooked} inbound {opportunities|demand|lead opportunities} for {COMPANY},644,644,1,0,0,1,0
32,IT And Consulting - Microsoft → Proofpoint (27_03),IT & Consulting,Microsoft,Proofpoint,2026-03,207,0,for {FIRST_NAME},617,617,0,0,0,2,0
32,IT And Consulting - Microsoft → Proofpoint (27_03),IT & Consulting,Microsoft,Proofpoint,2026-03,208,2,Re: {Hidden|Untapped|Overlooked} inbound {opportunities|demand|lead opportunities} for {COMPANY},357,357,0,0,0,0,0
32,IT And Consulting - Microsoft → Proofpoint (27_03),IT & Consulting,Microsoft,Proofpoint,2026-03,209,0,Re: {Hidden|Untapped|Overlooked} inbound {opportunities|demand|lead opportunities} for {COMPANY},359,359,0,0,0,0,0
32,IT And Consulting - Microsoft → Proofpoint (27_03),IT & Consulting,Microsoft,Proofpoint,2026-03,210,3,Re: {Hidden|Untapped|Overlooked} inbound {opportunities|demand|lead opportunities} for {COMPANY},348,348,0,0,0,0,0
32,IT And Consulting - Microsoft → Proofpoint (27_03),IT & Consulting,Microsoft,Proofpoint,2026-03,211,0,Re: {Hidden|Untapped|Overlooked} inbound {opportunities|demand|lead opportunities} for {COMPANY},355,355,0,0,0,0,0
32,IT And Consulting - Microsoft → Proofpoint (27_03),IT & Consulting,Microsoft,Proofpoint,2026-03,212,4,Re: {Hidden|Untapped|Overlooked} inbound {opportunities|demand|lead opportunities} for {COMPANY},0,0,0,0,0,0,0
32,IT And Consulting - Microsoft → Proofpoint (27_03),IT & Consulting,Microsoft,Proofpoint,2026-03,213,0,Re: {Hidden|Untapped|Overlooked} inbound {opportunities|demand|lead opportunities} for {COMPANY},0,0,0,0,0,0,0
32,IT And Consulting - Microsoft → Proofpoint (27_03),IT & Consulting,Microsoft,Proofpoint,2026-04,206,1,{Hidden|Untapped|Overlooked} inbound {opportunities|demand|lead opportunities} for {COMPANY},1483,1483,3,0,1,4,0
32,IT And Consulting - Microsoft → Proofpoint (27_03),IT & Consulting,Microsoft,Proofpoint,2026-04,207,0,for {FIRST_NAME},1530,1530,5,0,1,8,0
32,IT And Consulting - Microsoft → Proofpoint (27_03),IT & Consulting,Microsoft,Proofpoint,2026-04,208,2,Re: {Hidden|Untapped|Overlooked} inbound {opportunities|demand|lead opportunities} for {COMPANY},1764,1764,1,0,0,0,0
32,IT And Consulting - Microsoft → Proofpoint (27_03),IT & Consulting,Microsoft,Proofpoint,2026-04,209,0,Re: {Hidden|Untapped|Overlooked} inbound {opportunities|demand|lead opportunities} for {COMPANY},1742,1742,0,0,0,3,0
32,IT And Consulting - Microsoft → Proofpoint (27_03),IT & Consulting,Microsoft,Proofpoint,2026-04,210,3,Re: {Hidden|Untapped|Overlooked} inbound {opportunities|demand|lead opportunities} for {COMPANY},1533,1533,1,0,0,1,0
32,IT And Consulting - Microsoft → Proofpoint (27_03),IT & Consulting,Microsoft,Proofpoint,2026-04,211,0,Re: {Hidden|Untapped|Overlooked} inbound {opportunities|demand|lead opportunities} for {COMPANY},1513,1513,1,0,0,1,0
32,IT And Consulting - Microsoft → Proofpoint (27_03),IT & Consulting,Microsoft,Proofpoint,2026-04,212,4,Re: {Hidden|Untapped|Overlooked} inbound {opportunities|demand|lead opportunities} for {COMPANY},1699,1699,2,0,0,0,0
32,IT And Consulting - Microsoft → Proofpoint (27_03),IT & Consulting,Microsoft,Proofpoint,2026-04,213,0,Re: {Hidden|Untapped|Overlooked} inbound {opportunities|demand|lead opportunities} for {COMPANY},1659,1659,0,0,0,4,0
29,IT And Consulting - Google → Google (27_03),IT & Consulting,Google,Google,2026-03,182,1,{Hidden|Untapped|Overlooked} inbound {opportunities|demand|lead opportunities} for {COMPANY},2651,2651,30,0,1,15,0
29,IT And Consulting - Google → Google (27_03),IT & Consulting,Google,Google,2026-03,183,0,for {FIRST_NAME},2540,2540,57,0,6,13,0
29,IT And Consulting - Google → Google (27_03),IT & Consulting,Google,Google,2026-03,184,2,Re: {Hidden|Untapped|Overlooked} inbound {opportunities|demand|lead opportunities} for {COMPANY},1902,1902,10,0,1,0,0
29,IT And Consulting - Google → Google (27_03),IT & Consulting,Google,Google,2026-03,185,0,Re: {Hidden|Untapped|Overlooked} inbound {opportunities|demand|lead opportunities} for {COMPANY},1883,1883,12,0,1,2,0
29,IT And Consulting - Google → Google (27_03),IT & Consulting,Google,Google,2026-03,186,3,Re: {Hidden|Untapped|Overlooked} inbound {opportunities|demand|lead opportunities} for {COMPANY},738,738,2,0,0,0,0
29,IT And Consulting - Google → Google (27_03),IT & Consulting,Google,Google,2026-03,187,0,Re: {Hidden|Untapped|Overlooked} inbound {opportunities|demand|lead opportunities} for {COMPANY},715,715,3,0,1,0,0
29,IT And Consulting - Google → Google (27_03),IT & Consulting,Google,Google,2026-03,188,4,Re: {Hidden|Untapped|Overlooked} inbound {opportunities|demand|lead opportunities} for {COMPANY},0,0,0,0,0,0,0
29,IT And Consulting - Google → Google (27_03),IT & Consulting,Google,Google,2026-03,189,0,Re: {Hidden|Untapped|Overlooked} inbound {opportunities|demand|lead opportunities} for {COMPANY},0,0,0,0,0,0,0
29,IT And Consulting - Google → Google (27_03),IT & Consulting,Google,Google,2026-04,182,1,{Hidden|Untapped|Overlooked} inbound {opportunities|demand|lead opportunities} for {COMPANY},10633,10633,127,0,12,122,0
29,IT And Consulting - Google → Google (27_03),IT & Consulting,Google,Google,2026-04,183,0,for {FIRST_NAME},10450,10450,273,0,43,93,0
29,IT And Consulting - Google → Google (27_03),IT & Consulting,Google,Google,2026-04,184,2,Re: {Hidden|Untapped|Overlooked} inbound {opportunities|demand|lead opportunities} for {COMPANY},10872,10872,84,0,14,28,0
29,IT And Consulting - Google → Google (27_03),IT & Consulting,Google,Google,2026-04,185,0,Re: {Hidden|Untapped|Overlooked} inbound {opportunities|demand|lead opportunities} for {COMPANY},10921,10921,91,0,17,21,0
29,IT And Consulting - Google → Google (27_03),IT & Consulting,Google,Google,2026-04,186,3,Re: {Hidden|Untapped|Overlooked} inbound {opportunities|demand|lead opportunities} for {COMPANY},11944,11944,89,0,23,14,0
29,IT And Consulting - Google → Google (27_03),IT & Consulting,Google,Google,2026-04,187,0,Re: {Hidden|Untapped|Overlooked} inbound {opportunities|demand|lead opportunities} for {COMPANY},11899,11899,77,0,10,22,0
29,IT And Consulting - Google → Google (27_03),IT & Consulting,Google,Google,2026-04,188,4,Re: {Hidden|Untapped|Overlooked} inbound {opportunities|demand|lead opportunities} for {COMPANY},12480,12480,96,0,5,12,0
29,IT And Consulting - Google → Google (27_03),IT & Consulting,Google,Google,2026-04,189,0,Re: {Hidden|Untapped|Overlooked} inbound {opportunities|demand|lead opportunities} for {COMPANY},12530,12530,80,0,7,13,0
5,MFG Outbound - Google → Google (11_03),Manufacturing,Google,Google,2026-03,13,1,{Hidden|Untapped|Overlooked} inbound {opportunities|demand|lead opportunities} for {COMPANY},9462,9462,200,0,14,330,0
5,MFG Outbound - Google → Google (11_03),Manufacturing,Google,Google,2026-03,14,0,for {FIRST_NAME},9317,9317,337,0,26,352,0
5,MFG Outbound - Google → Google (11_03),Manufacturing,Google,Google,2026-03,23,2,Re: {Hidden|Untapped|Overlooked} inbound {opportunities|demand|lead opportunities} for {COMPANY},7841,7841,87,0,9,10,0
5,MFG Outbound - Google → Google (11_03),Manufacturing,Google,Google,2026-03,24,0,Re: {Hidden|Untapped|Overlooked} inbound {opportunities|demand|lead opportunities} for {COMPANY},7949,7949,97,0,15,30,0
5,MFG Outbound - Google → Google (11_03),Manufacturing,Google,Google,2026-03,40,3,Re: {Hidden|Untapped|Overlooked} inbound {opportunities|demand|lead opportunities} for {COMPANY},6813,6813,86,0,11,13,0
5,MFG Outbound - Google → Google (11_03),Manufacturing,Google,Google,2026-03,41,0,Re: {Hidden|Untapped|Overlooked} inbound {opportunities|demand|lead opportunities} for {COMPANY},6774,6774,70,0,8,7,0
5,MFG Outbound - Google → Google (11_03),Manufacturing,Google,Google,2026-03,42,4,Re: {Hidden|Untapped|Overlooked} inbound {opportunities|demand|lead opportunities} for {COMPANY},5716,5716,69,0,1,0,0
5,MFG Outbound - Google → Google (11_03),Manufacturing,Google,Google,2026-03,43,0,Re: {Hidden|Untapped|Overlooked} inbound {opportunities|demand|lead opportunities} for {COMPANY},5670,5670,31,0,2,3,0
5,MFG Outbound - Google → Google (11_03),Manufacturing,Google,Google,2026-04,13,1,{Hidden|Untapped|Overlooked} inbound {opportunities|demand|lead opportunities} for {COMPANY},7012,7011,43,0,0,80,0
5,MFG Outbound - Google → Google (11_03),Manufacturing,Google,Google,2026-04,14,0,for {FIRST_NAME},6919,6919,100,0,5,47,0
5,MFG Outbound - Google → Google (11_03),Manufacturing,Google,Google,2026-04,23,2,Re: {Hidden|Untapped|Overlooked} inbound {opportunities|demand|lead opportunities} for {COMPANY},7692,7692,16,0,3,25,0
5,MFG Outbound - Google → Google (11_03),Manufacturing,Google,Google,2026-04,24,0,Re: {Hidden|Untapped|Overlooked} inbound {opportunities|demand|lead opportunities} for {COMPANY},7724,7724,22,0,3,16,0
5,MFG Outbound - Google → Google (11_03),Manufacturing,Google,Google,2026-04,40,3,Re: {Hidden|Untapped|Overlooked} inbound {opportunities|demand|lead opportunities} for {COMPANY},6133,6133,23,0,6,10,0
5,MFG Outbound - Google → Google (11_03),Manufacturing,Google,Google,2026-04,41,0,Re: {Hidden|Untapped|Overlooked} inbound {opportunities|demand|lead opportunities} for {COMPANY},6085,6085,17,0,1,11,0
5,MFG Outbound - Google → Google (11_03),Manufacturing,Google,Google,2026-04,42,4,Re: {Hidden|Untapped|Overlooked} inbound {opportunities|demand|lead opportunities} for {COMPANY},7095,7095,40,0,2,2,0
5,MFG Outbound - Google → Google (11_03),Manufacturing,Google,Google,2026-04,43,0,Re: {Hidden|Untapped|Overlooked} inbound {opportunities|demand|lead opportunities} for {COMPANY},7104,7104,28,0,3,15,0
8,MFG Outbound - Microsoft → Proofpoint (11_03),Manufacturing,Microsoft,Proofpoint,2026-03,4,1,{Hidden|Untapped|Overlooked} inbound {opportunities|demand|lead opportunities} for {COMPANY},2850,2850,8,0,0,89,0
8,MFG Outbound - Microsoft → Proofpoint (11_03),Manufacturing,Microsoft,Proofpoint,2026-03,7,0,for {FIRST_NAME},2859,2859,5,0,0,68,0
8,MFG Outbound - Microsoft → Proofpoint (11_03),Manufacturing,Microsoft,Proofpoint,2026-03,15,2,Re: {Hidden|Untapped|Overlooked} inbound {opportunities|demand|lead opportunities} for {COMPANY},2732,2732,3,0,0,2,0
8,MFG Outbound - Microsoft → Proofpoint (11_03),Manufacturing,Microsoft,Proofpoint,2026-03,18,0,Re: {Hidden|Untapped|Overlooked} inbound {opportunities|demand|lead opportunities} for {COMPANY},2660,2660,2,0,0,7,0
8,MFG Outbound - Microsoft → Proofpoint (11_03),Manufacturing,Microsoft,Proofpoint,2026-03,28,3,Re: {Hidden|Untapped|Overlooked} inbound {opportunities|demand|lead opportunities} for {COMPANY},2528,2528,1,0,1,3,0
8,MFG Outbound - Microsoft → Proofpoint (11_03),Manufacturing,Microsoft,Proofpoint,2026-03,29,0,Re: {Hidden|Untapped|Overlooked} inbound {opportunities|demand|lead opportunities} for {COMPANY},2451,2451,2,0,0,4,0
8,MFG Outbound - Microsoft → Proofpoint (11_03),Manufacturing,Microsoft,Proofpoint,2026-03,30,4,Re: {Hidden|Untapped|Overlooked} inbound {opportunities|demand|lead opportunities} for {COMPANY},2310,2310,2,0,0,2,0
8,MFG Outbound - Microsoft → Proofpoint (11_03),Manufacturing,Microsoft,Proofpoint,2026-03,31,0,Re: {Hidden|Untapped|Overlooked} inbound {opportunities|demand|lead opportunities} for {COMPANY},2301,2301,0,0,0,4,0
8,MFG Outbound - Microsoft → Proofpoint (11_03),Manufacturing,Microsoft,Proofpoint,2026-04,4,1,{Hidden|Untapped|Overlooked} inbound {opportunities|demand|lead opportunities} for {COMPANY},1389,1389,0,0,0,23,0
8,MFG Outbound - Microsoft → Proofpoint (11_03),Manufacturing,Microsoft,Proofpoint,2026-04,7,0,for {FIRST_NAME},1309,1309,0,0,0,22,0
8,MFG Outbound - Microsoft → Proofpoint (11_03),Manufacturing,Microsoft,Proofpoint,2026-04,15,2,Re: {Hidden|Untapped|Overlooked} inbound {opportunities|demand|lead opportunities} for {COMPANY},563,563,2,0,0,5,0
8,MFG Outbound - Microsoft → Proofpoint (11_03),Manufacturing,Microsoft,Proofpoint,2026-04,18,0,Re: {Hidden|Untapped|Overlooked} inbound {opportunities|demand|lead opportunities} for {COMPANY},573,573,1,0,0,13,0
8,MFG Outbound - Microsoft → Proofpoint (11_03),Manufacturing,Microsoft,Proofpoint,2026-04,28,3,Re: {Hidden|Untapped|Overlooked} inbound {opportunities|demand|lead opportunities} for {COMPANY},475,475,1,0,0,2,0
8,MFG Outbound - Microsoft → Proofpoint (11_03),Manufacturing,Microsoft,Proofpoint,2026-04,29,0,Re: {Hidden|Untapped|Overlooked} inbound {opportunities|demand|lead opportunities} for {COMPANY},517,517,0,0,0,2,0
8,MFG Outbound - Microsoft → Proofpoint (11_03),Manufacturing,Microsoft,Proofpoint,2026-04,30,4,Re: {Hidden|Untapped|Overlooked} inbound {opportunities|demand|lead opportunities} for {COMPANY},651,651,0,0,0,0,0
8,MFG Outbound - Microsoft → Proofpoint (11_03),Manufacturing,Microsoft,Proofpoint,2026-04,31,0,Re: {Hidden|Untapped|Overlooked} inbound {opportunities|demand|lead opportunities} for {COMPANY},644,644,1,0,0,7,0
7,MFG Outbound - Microsoft → Outlook (11_03),Manufacturing,Microsoft,Outlook,2026-03,9,1,{Hidden|Untapped|Overlooked} inbound {opportunities|demand|lead opportunities} for {COMPANY},9711,9711,56,0,4,480,0
7,MFG Outbound - Microsoft → Outlook (11_03),Manufacturing,Microsoft,Outlook,2026-03,10,0,for {FIRST_NAME},9536,9536,86,0,5,458,0
7,MFG Outbound - Microsoft → Outlook (11_03),Manufacturing,Microsoft,Outlook,2026-03,19,2,Re: {Hidden|Untapped|Overlooked} inbound {opportunities|demand|lead opportunities} for {COMPANY},3566,3566,34,0,4,13,0
7,MFG Outbound - Microsoft → Outlook (11_03),Manufacturing,Microsoft,Outlook,2026-03,20,0,Re: {Hidden|Untapped|Overlooked} inbound {opportunities|demand|lead opportunities} for {COMPANY},3367,3367,37,0,1,2,0
7,MFG Outbound - Microsoft → Outlook (11_03),Manufacturing,Microsoft,Outlook,2026-03,32,3,Re: {Hidden|Untapped|Overlooked} inbound {opportunities|demand|lead opportunities} for {COMPANY},2708,2708,34,0,2,6,0
7,MFG Outbound - Microsoft → Outlook (11_03),Manufacturing,Microsoft,Outlook,2026-03,33,0,Re: {Hidden|Untapped|Overlooked} inbound {opportunities|demand|lead opportunities} for {COMPANY},2742,2742,40,0,3,2,0
7,MFG Outbound - Microsoft → Outlook (11_03),Manufacturing,Microsoft,Outlook,2026-03,34,4,Re: {Hidden|Untapped|Overlooked} inbound {opportunities|demand|lead opportunities} for {COMPANY},1559,1559,15,0,1,0,0
7,MFG Outbound - Microsoft → Outlook (11_03),Manufacturing,Microsoft,Outlook,2026-03,35,0,Re: {Hidden|Untapped|Overlooked} inbound {opportunities|demand|lead opportunities} for {COMPANY},1596,1596,11,0,2,0,0
7,MFG Outbound - Microsoft → Outlook (11_03),Manufacturing,Microsoft,Outlook,2026-04,9,1,{Hidden|Untapped|Overlooked} inbound {opportunities|demand|lead opportunities} for {COMPANY},39117,39117,594,0,20,1046,0
7,MFG Outbound - Microsoft → Outlook (11_03),Manufacturing,Microsoft,Outlook,2026-04,10,0,for {FIRST_NAME},39607,39607,602,0,20,1075,0
7,MFG Outbound - Microsoft → Outlook (11_03),Manufacturing,Microsoft,Outlook,2026-04,19,2,Re: {Hidden|Untapped|Overlooked} inbound {opportunities|demand|lead opportunities} for {COMPANY},12363,12363,212,0,16,23,0
7,MFG Outbound - Microsoft → Outlook (11_03),Manufacturing,Microsoft,Outlook,2026-04,20,0,Re: {Hidden|Untapped|Overlooked} inbound {opportunities|demand|lead opportunities} for {COMPANY},12488,12488,170,0,10,27,0
7,MFG Outbound - Microsoft → Outlook (11_03),Manufacturing,Microsoft,Outlook,2026-04,32,3,Re: {Hidden|Untapped|Overlooked} inbound {opportunities|demand|lead opportunities} for {COMPANY},6056,6056,88,0,6,13,0
7,MFG Outbound - Microsoft → Outlook (11_03),Manufacturing,Microsoft,Outlook,2026-04,33,0,Re: {Hidden|Untapped|Overlooked} inbound {opportunities|demand|lead opportunities} for {COMPANY},6100,6100,85,0,6,8,0
7,MFG Outbound - Microsoft → Outlook (11_03),Manufacturing,Microsoft,Outlook,2026-04,34,4,Re: {Hidden|Untapped|Overlooked} inbound {opportunities|demand|lead opportunities} for {COMPANY},4987,4987,78,0,1,13,0
7,MFG Outbound - Microsoft → Outlook (11_03),Manufacturing,Microsoft,Outlook,2026-04,35,0,Re: {Hidden|Untapped|Overlooked} inbound {opportunities|demand|lead opportunities} for {COMPANY},5032,5032,60,0,3,6,0
6,MFG Outbound - Google → Custom+Misc (11_03),Manufacturing,Google,Custom+Misc,2026-03,11,1,{Hidden|Untapped|Overlooked} inbound {opportunities|demand|lead opportunities} for {COMPANY},5952,5952,204,0,3,799,0
6,MFG Outbound - Google → Custom+Misc (11_03),Manufacturing,Google,Custom+Misc,2026-03,12,0,for {FIRST_NAME},6252,6252,227,0,6,866,0
6,MFG Outbound - Google → Custom+Misc (11_03),Manufacturing,Google,Custom+Misc,2026-03,21,2,Re: {Hidden|Untapped|Overlooked} inbound {opportunities|demand|lead opportunities} for {COMPANY},5181,5181,70,0,6,64,0
6,MFG Outbound - Google → Custom+Misc (11_03),Manufacturing,Google,Custom+Misc,2026-03,22,0,Re: {Hidden|Untapped|Overlooked} inbound {opportunities|demand|lead opportunities} for {COMPANY},5012,5012,40,0,1,86,0
6,MFG Outbound - Google → Custom+Misc (11_03),Manufacturing,Google,Custom+Misc,2026-03,36,3,Re: {Hidden|Untapped|Overlooked} inbound {opportunities|demand|lead opportunities} for {COMPANY},4808,4808,73,0,5,26,0
6,MFG Outbound - Google → Custom+Misc (11_03),Manufacturing,Google,Custom+Misc,2026-03,37,0,Re: {Hidden|Untapped|Overlooked} inbound {opportunities|demand|lead opportunities} for {COMPANY},4780,4780,72,0,1,43,0
6,MFG Outbound - Google → Custom+Misc (11_03),Manufacturing,Google,Custom+Misc,2026-03,38,4,Re: {Hidden|Untapped|Overlooked} inbound {opportunities|demand|lead opportunities} for {COMPANY},4228,4228,43,0,1,12,0
6,MFG Outbound - Google → Custom+Misc (11_03),Manufacturing,Google,Custom+Misc,2026-03,39,0,Re: {Hidden|Untapped|Overlooked} inbound {opportunities|demand|lead opportunities} for {COMPANY},4322,4322,29,0,3,16,0
6,MFG Outbound - Google → Custom+Misc (11_03),Manufacturing,Google,Custom+Misc,2026-04,11,1,{Hidden|Untapped|Overlooked} inbound {opportunities|demand|lead opportunities} for {COMPANY},13433,13433,247,0,4,763,0
6,MFG Outbound - Google → Custom+Misc (11_03),Manufacturing,Google,Custom+Misc,2026-04,12,0,for {FIRST_NAME},13216,13216,272,0,12,633,0
6,MFG Outbound - Google → Custom+Misc (11_03),Manufacturing,Google,Custom+Misc,2026-04,21,2,Re: {Hidden|Untapped|Overlooked} inbound {opportunities|demand|lead opportunities} for {COMPANY},12317,12317,142,0,12,104,0
6,MFG Outbound - Google → Custom+Misc (11_03),Manufacturing,Google,Custom+Misc,2026-04,22,0,Re: {Hidden|Untapped|Overlooked} inbound {opportunities|demand|lead opportunities} for {COMPANY},12517,12517,123,0,5,151,0
6,MFG Outbound - Google → Custom+Misc (11_03),Manufacturing,Google,Custom+Misc,2026-04,36,3,Re: {Hidden|Untapped|Overlooked} inbound {opportunities|demand|lead opportunities} for {COMPANY},5620,5620,30,0,3,49,0
6,MFG Outbound - Google → Custom+Misc (11_03),Manufacturing,Google,Custom+Misc,2026-04,37,0,Re: {Hidden|Untapped|Overlooked} inbound {opportunities|demand|lead opportunities} for {COMPANY},5598,5598,31,0,0,113,0
6,MFG Outbound - Google → Custom+Misc (11_03),Manufacturing,Google,Custom+Misc,2026-04,38,4,Re: {Hidden|Untapped|Overlooked} inbound {opportunities|demand|lead opportunities} for {COMPANY},5894,5894,46,0,1,42,0
6,MFG Outbound - Google → Custom+Misc (11_03),Manufacturing,Google,Custom+Misc,2026-04,39,0,Re: {Hidden|Untapped|Overlooked} inbound {opportunities|demand|lead opportunities} for {COMPANY},5947,5947,34,0,1,56,0
1,MFG Outbound 1,Manufacturing,Unknown,Unknown,2026-03,25,1,{Hidden|Untapped|Overlooked} inbound {opportunities|demand|lead opportunities} for {COMPANY},1,1,1,0,1,0,0
1,MFG Outbound 1,Manufacturing,Unknown,Unknown,2026-04,25,1,{Hidden|Untapped|Overlooked} inbound {opportunities|demand|lead opportunities} for {COMPANY},0,0,0,0,0,0,0
2,Mfg (gush domain) - Batch 1 (05/03,Manufacturing,Unknown,Unknown,2026-03,1,1,{Hidden|Untapped|Overlooked} inbound {opportunities|demand|lead opportunities} for {COMPANY},15842,15842,244,0,5,1673,0
2,Mfg (gush domain) - Batch 1 (05/03,Manufacturing,Unknown,Unknown,2026-03,2,2,Re: {Hidden|Untapped|Overlooked} inbound {opportunities|demand|lead opportunities} for {COMPANY},12834,12834,105,0,10,101,0
2,Mfg (gush domain) - Batch 1 (05/03,Manufacturing,Unknown,Unknown,2026-03,44,3,Re: {Hidden|Untapped|Overlooked} inbound {opportunities|demand|lead opportunities} for {COMPANY},3234,3234,28,0,5,14,0
2,Mfg (gush domain) - Batch 1 (05/03,Manufacturing,Unknown,Unknown,2026-03,45,4,Re: {Hidden|Untapped|Overlooked} inbound {opportunities|demand|lead opportunities} for {COMPANY},2078,2078,19,0,1,0,0
2,Mfg (gush domain) - Batch 1 (05/03,Manufacturing,Unknown,Unknown,2026-04,1,1,{Hidden|Untapped|Overlooked} inbound {opportunities|demand|lead opportunities} for {COMPANY},1115,1115,14,0,0,113,0
2,Mfg (gush domain) - Batch 1 (05/03,Manufacturing,Unknown,Unknown,2026-04,2,2,Re: {Hidden|Untapped|Overlooked} inbound {opportunities|demand|lead opportunities} for {COMPANY},864,864,6,0,0,3,0
2,Mfg (gush domain) - Batch 1 (05/03,Manufacturing,Unknown,Unknown,2026-04,44,3,Re: {Hidden|Untapped|Overlooked} inbound {opportunities|demand|lead opportunities} for {COMPANY},7444,7444,57,0,2,74,0
2,Mfg (gush domain) - Batch 1 (05/03,Manufacturing,Unknown,Unknown,2026-04,45,4,Re: {Hidden|Untapped|Overlooked} inbound {opportunities|demand|lead opportunities} for {COMPANY},7241,7241,39,0,1,29,0
31,IT And Consulting - Microsoft → Outlook (27_03),IT & Consulting,Microsoft,Outlook,2026-03,198,1,{Hidden|Untapped|Overlooked} inbound {opportunities|demand|lead opportunities} for {COMPANY},1455,1455,3,0,0,14,0
31,IT And Consulting - Microsoft → Outlook (27_03),IT & Consulting,Microsoft,Outlook,2026-03,199,0,for {FIRST_NAME},1409,1409,3,0,0,11,0
31,IT And Consulting - Microsoft → Outlook (27_03),IT & Consulting,Microsoft,Outlook,2026-03,200,2,Re: {Hidden|Untapped|Overlooked} inbound {opportunities|demand|lead opportunities} for {COMPANY},0,0,0,0,0,0,0
31,IT And Consulting - Microsoft → Outlook (27_03),IT & Consulting,Microsoft,Outlook,2026-03,201,0,Re: {Hidden|Untapped|Overlooked} inbound {opportunities|demand|lead opportunities} for {COMPANY},0,0,0,0,0,0,0
31,IT And Consulting - Microsoft → Outlook (27_03),IT & Consulting,Microsoft,Outlook,2026-03,202,3,Re: {Hidden|Untapped|Overlooked} inbound {opportunities|demand|lead opportunities} for {COMPANY},0,0,0,0,0,0,0
31,IT And Consulting - Microsoft → Outlook (27_03),IT & Consulting,Microsoft,Outlook,2026-03,203,0,Re: {Hidden|Untapped|Overlooked} inbound {opportunities|demand|lead opportunities} for {COMPANY},0,0,0,0,0,0,0
31,IT And Consulting - Microsoft → Outlook (27_03),IT & Consulting,Microsoft,Outlook,2026-03,204,4,Re: {Hidden|Untapped|Overlooked} inbound {opportunities|demand|lead opportunities} for {COMPANY},0,0,0,0,0,0,0
31,IT And Consulting - Microsoft → Outlook (27_03),IT & Consulting,Microsoft,Outlook,2026-03,205,0,Re: {Hidden|Untapped|Overlooked} inbound {opportunities|demand|lead opportunities} for {COMPANY},0,0,0,0,0,0,0
31,IT And Consulting - Microsoft → Outlook (27_03),IT & Consulting,Microsoft,Outlook,2026-04,198,1,{Hidden|Untapped|Overlooked} inbound {opportunities|demand|lead opportunities} for {COMPANY},20166,20166,51,0,5,213,0
31,IT And Consulting - Microsoft → Outlook (27_03),IT & Consulting,Microsoft,Outlook,2026-04,199,0,for {FIRST_NAME},20026,20026,62,0,4,199,0
31,IT And Consulting - Microsoft → Outlook (27_03),IT & Consulting,Microsoft,Outlook,2026-04,200,2,Re: {Hidden|Untapped|Overlooked} inbound {opportunities|demand|lead opportunities} for {COMPANY},6911,6911,6,0,1,22,0
31,IT And Consulting - Microsoft → Outlook (27_03),IT & Consulting,Microsoft,Outlook,2026-04,201,0,Re: {Hidden|Untapped|Overlooked} inbound {opportunities|demand|lead opportunities} for {COMPANY},7006,7006,16,0,0,13,0
31,IT And Consulting - Microsoft → Outlook (27_03),IT & Consulting,Microsoft,Outlook,2026-04,202,3,Re: {Hidden|Untapped|Overlooked} inbound {opportunities|demand|lead opportunities} for {COMPANY},3277,3277,2,0,0,3,0
31,IT And Consulting - Microsoft → Outlook (27_03),IT & Consulting,Microsoft,Outlook,2026-04,203,0,Re: {Hidden|Untapped|Overlooked} inbound {opportunities|demand|lead opportunities} for {COMPANY},3341,3341,4,0,0,7,0
31,IT And Consulting - Microsoft → Outlook (27_03),IT & Consulting,Microsoft,Outlook,2026-04,204,4,Re: {Hidden|Untapped|Overlooked} inbound {opportunities|demand|lead opportunities} for {COMPANY},1430,1430,0,0,0,5,0
31,IT And Consulting - Microsoft → Outlook (27_03),IT & Consulting,Microsoft,Outlook,2026-04,205,0,Re: {Hidden|Untapped|Overlooked} inbound {opportunities|demand|lead opportunities} for {COMPANY},1453,1453,0,0,0,1,0
