step_id,campaign_id,campaign_name,industry,sender,receiver,step_order,subject,wait_days,variant,variant_from_step
25,1,MFG Outbound 1,Manufacturing,Unknown,Unknown,1,{Hidden|Untapped|Overlooked} inbound {opportunities|demand|lead opportunities} for {COMPANY},1,False,
1,2,Mfg (gush domain) - Batch 1 (05/03,Manufacturing,Unknown,Unknown,1,{Hidden|Untapped|Overlooked} inbound {opportunities|demand|lead opportunities} for {COMPANY},2,False,
2,2,Mfg (gush domain) - Batch 1 (05/03,Manufacturing,Unknown,Unknown,2,Re: {Hidden|Untapped|Overlooked} inbound {opportunities|demand|lead opportunities} for {COMPANY},2,False,
44,2,Mfg (gush domain) - Batch 1 (05/03,Manufacturing,Unknown,Unknown,3,Re: {Hidden|Untapped|Overlooked} inbound {opportunities|demand|lead opportunities} for {COMPANY},3,False,
45,2,Mfg (gush domain) - Batch 1 (05/03,Manufacturing,Unknown,Unknown,4,Re: {Hidden|Untapped|Overlooked} inbound {opportunities|demand|lead opportunities} for {COMPANY},1,False,
14,5,MFG Outbound - Google → Google (11_03),Manufacturing,Google,Google,0,for {FIRST_NAME},2,True,13
24,5,MFG Outbound - Google → Google (11_03),Manufacturing,Google,Google,0,Re: {Hidden|Untapped|Overlooked} inbound {opportunities|demand|lead opportunities} for {COMPANY},2,True,23
41,5,MFG Outbound - Google → Google (11_03),Manufacturing,Google,Google,0,Re: {Hidden|Untapped|Overlooked} inbound {opportunities|demand|lead opportunities} for {COMPANY},3,True,40
43,5,MFG Outbound - Google → Google (11_03),Manufacturing,Google,Google,0,Re: {Hidden|Untapped|Overlooked} inbound {opportunities|demand|lead opportunities} for {COMPANY},1,True,42
13,5,MFG Outbound - Google → Google (11_03),Manufacturing,Google,Google,1,{Hidden|Untapped|Overlooked} inbound {opportunities|demand|lead opportunities} for {COMPANY},2,False,
23,5,MFG Outbound - Google → Google (11_03),Manufacturing,Google,Google,2,Re: {Hidden|Untapped|Overlooked} inbound {opportunities|demand|lead opportunities} for {COMPANY},2,False,
40,5,MFG Outbound - Google → Google (11_03),Manufacturing,Google,Google,3,Re: {Hidden|Untapped|Overlooked} inbound {opportunities|demand|lead opportunities} for {COMPANY},3,False,
42,5,MFG Outbound - Google → Google (11_03),Manufacturing,Google,Google,4,Re: {Hidden|Untapped|Overlooked} inbound {opportunities|demand|lead opportunities} for {COMPANY},1,False,
12,6,MFG Outbound - Google → Custom+Misc (11_03),Manufacturing,Google,Custom+Misc,0,for {FIRST_NAME},2,True,11
22,6,MFG Outbound - Google → Custom+Misc (11_03),Manufacturing,Google,Custom+Misc,0,Re: {Hidden|Untapped|Overlooked} inbound {opportunities|demand|lead opportunities} for {COMPANY},2,True,21
37,6,MFG Outbound - Google → Custom+Misc (11_03),Manufacturing,Google,Custom+Misc,0,Re: {Hidden|Untapped|Overlooked} inbound {opportunities|demand|lead opportunities} for {COMPANY},3,True,36
39,6,MFG Outbound - Google → Custom+Misc (11_03),Manufacturing,Google,Custom+Misc,0,Re: {Hidden|Untapped|Overlooked} inbound {opportunities|demand|lead opportunities} for {COMPANY},1,True,38
11,6,MFG Outbound - Google → Custom+Misc (11_03),Manufacturing,Google,Custom+Misc,1,{Hidden|Untapped|Overlooked} inbound {opportunities|demand|lead opportunities} for {COMPANY},2,False,
21,6,MFG Outbound - Google → Custom+Misc (11_03),Manufacturing,Google,Custom+Misc,2,Re: {Hidden|Untapped|Overlooked} inbound {opportunities|demand|lead opportunities} for {COMPANY},2,False,
36,6,MFG Outbound - Google → Custom+Misc (11_03),Manufacturing,Google,Custom+Misc,3,Re: {Hidden|Untapped|Overlooked} inbound {opportunities|demand|lead opportunities} for {COMPANY},3,False,
38,6,MFG Outbound - Google → Custom+Misc (11_03),Manufacturing,Google,Custom+Misc,4,Re: {Hidden|Untapped|Overlooked} inbound {opportunities|demand|lead opportunities} for {COMPANY},1,False,
10,7,MFG Outbound - Microsoft → Outlook (11_03),Manufacturing,Microsoft,Outlook,0,for {FIRST_NAME},2,True,9
20,7,MFG Outbound - Microsoft → Outlook (11_03),Manufacturing,Microsoft,Outlook,0,Re: {Hidden|Untapped|Overlooked} inbound {opportunities|demand|lead opportunities} for {COMPANY},2,True,19
33,7,MFG Outbound - Microsoft → Outlook (11_03),Manufacturing,Microsoft,Outlook,0,Re: {Hidden|Untapped|Overlooked} inbound {opportunities|demand|lead opportunities} for {COMPANY},3,True,32
35,7,MFG Outbound - Microsoft → Outlook (11_03),Manufacturing,Microsoft,Outlook,0,Re: {Hidden|Untapped|Overlooked} inbound {opportunities|demand|lead opportunities} for {COMPANY},1,True,34
9,7,MFG Outbound - Microsoft → Outlook (11_03),Manufacturing,Microsoft,Outlook,1,{Hidden|Untapped|Overlooked} inbound {opportunities|demand|lead opportunities} for {COMPANY},2,False,
19,7,MFG Outbound - Microsoft → Outlook (11_03),Manufacturing,Microsoft,Outlook,2,Re: {Hidden|Untapped|Overlooked} inbound {opportunities|demand|lead opportunities} for {COMPANY},2,False,
32,7,MFG Outbound - Microsoft → Outlook (11_03),Manufacturing,Microsoft,Outlook,3,Re: {Hidden|Untapped|Overlooked} inbound {opportunities|demand|lead opportunities} for {COMPANY},3,False,
34,7,MFG Outbound - Microsoft → Outlook (11_03),Manufacturing,Microsoft,Outlook,4,Re: {Hidden|Untapped|Overlooked} inbound {opportunities|demand|lead opportunities} for {COMPANY},1,False,
7,8,MFG Outbound - Microsoft → Proofpoint (11_03),Manufacturing,Microsoft,Proofpoint,0,for {FIRST_NAME},2,True,4
18,8,MFG Outbound - Microsoft → Proofpoint (11_03),Manufacturing,Microsoft,Proofpoint,0,Re: {Hidden|Untapped|Overlooked} inbound {opportunities|demand|lead opportunities} for {COMPANY},2,True,15
29,8,MFG Outbound - Microsoft → Proofpoint (11_03),Manufacturing,Microsoft,Proofpoint,0,Re: {Hidden|Untapped|Overlooked} inbound {opportunities|demand|lead opportunities} for {COMPANY},3,True,28
31,8,MFG Outbound - Microsoft → Proofpoint (11_03),Manufacturing,Microsoft,Proofpoint,0,Re: {Hidden|Untapped|Overlooked} inbound {opportunities|demand|lead opportunities} for {COMPANY},1,True,30
4,8,MFG Outbound - Microsoft → Proofpoint (11_03),Manufacturing,Microsoft,Proofpoint,1,{Hidden|Untapped|Overlooked} inbound {opportunities|demand|lead opportunities} for {COMPANY},2,False,
15,8,MFG Outbound - Microsoft → Proofpoint (11_03),Manufacturing,Microsoft,Proofpoint,2,Re: {Hidden|Untapped|Overlooked} inbound {opportunities|demand|lead opportunities} for {COMPANY},2,False,
28,8,MFG Outbound - Microsoft → Proofpoint (11_03),Manufacturing,Microsoft,Proofpoint,3,Re: {Hidden|Untapped|Overlooked} inbound {opportunities|demand|lead opportunities} for {COMPANY},3,False,
30,8,MFG Outbound - Microsoft → Proofpoint (11_03),Manufacturing,Microsoft,Proofpoint,4,Re: {Hidden|Untapped|Overlooked} inbound {opportunities|demand|lead opportunities} for {COMPANY},1,False,
183,29,IT And Consulting - Google → Google (27_03),IT & Consulting,Google,Google,0,for {FIRST_NAME},1,True,182
185,29,IT And Consulting - Google → Google (27_03),IT & Consulting,Google,Google,0,Re: {Hidden|Untapped|Overlooked} inbound {opportunities|demand|lead opportunities} for {COMPANY},1,True,184
187,29,IT And Consulting - Google → Google (27_03),IT & Consulting,Google,Google,0,Re: {Hidden|Untapped|Overlooked} inbound {opportunities|demand|lead opportunities} for {COMPANY},1,True,186
189,29,IT And Consulting - Google → Google (27_03),IT & Consulting,Google,Google,0,Re: {Hidden|Untapped|Overlooked} inbound {opportunities|demand|lead opportunities} for {COMPANY},1,True,188
182,29,IT And Consulting - Google → Google (27_03),IT & Consulting,Google,Google,1,{Hidden|Untapped|Overlooked} inbound {opportunities|demand|lead opportunities} for {COMPANY},1,False,
184,29,IT And Consulting - Google → Google (27_03),IT & Consulting,Google,Google,2,Re: {Hidden|Untapped|Overlooked} inbound {opportunities|demand|lead opportunities} for {COMPANY},1,False,
186,29,IT And Consulting - Google → Google (27_03),IT & Consulting,Google,Google,3,Re: {Hidden|Untapped|Overlooked} inbound {opportunities|demand|lead opportunities} for {COMPANY},1,False,
188,29,IT And Consulting - Google → Google (27_03),IT & Consulting,Google,Google,4,Re: {Hidden|Untapped|Overlooked} inbound {opportunities|demand|lead opportunities} for {COMPANY},1,False,
191,30,IT And Consulting - Google → Custom+Misc (27_03),IT & Consulting,Google,Custom+Misc,0,for {FIRST_NAME},1,True,190
193,30,IT And Consulting - Google → Custom+Misc (27_03),IT & Consulting,Google,Custom+Misc,0,Re: {Hidden|Untapped|Overlooked} inbound {opportunities|demand|lead opportunities} for {COMPANY},1,True,192
195,30,IT And Consulting - Google → Custom+Misc (27_03),IT & Consulting,Google,Custom+Misc,0,Re: {Hidden|Untapped|Overlooked} inbound {opportunities|demand|lead opportunities} for {COMPANY},1,True,194
197,30,IT And Consulting - Google → Custom+Misc (27_03),IT & Consulting,Google,Custom+Misc,0,Re: {Hidden|Untapped|Overlooked} inbound {opportunities|demand|lead opportunities} for {COMPANY},1,True,196
190,30,IT And Consulting - Google → Custom+Misc (27_03),IT & Consulting,Google,Custom+Misc,1,{Hidden|Untapped|Overlooked} inbound {opportunities|demand|lead opportunities} for {COMPANY},1,False,
192,30,IT And Consulting - Google → Custom+Misc (27_03),IT & Consulting,Google,Custom+Misc,2,Re: {Hidden|Untapped|Overlooked} inbound {opportunities|demand|lead opportunities} for {COMPANY},1,False,
194,30,IT And Consulting - Google → Custom+Misc (27_03),IT & Consulting,Google,Custom+Misc,3,Re: {Hidden|Untapped|Overlooked} inbound {opportunities|demand|lead opportunities} for {COMPANY},1,False,
196,30,IT And Consulting - Google → Custom+Misc (27_03),IT & Consulting,Google,Custom+Misc,4,Re: {Hidden|Untapped|Overlooked} inbound {opportunities|demand|lead opportunities} for {COMPANY},1,False,
199,31,IT And Consulting - Microsoft → Outlook (27_03),IT & Consulting,Microsoft,Outlook,0,for {FIRST_NAME},1,True,198
201,31,IT And Consulting - Microsoft → Outlook (27_03),IT & Consulting,Microsoft,Outlook,0,Re: {Hidden|Untapped|Overlooked} inbound {opportunities|demand|lead opportunities} for {COMPANY},1,True,200
203,31,IT And Consulting - Microsoft → Outlook (27_03),IT & Consulting,Microsoft,Outlook,0,Re: {Hidden|Untapped|Overlooked} inbound {opportunities|demand|lead opportunities} for {COMPANY},1,True,202
205,31,IT And Consulting - Microsoft → Outlook (27_03),IT & Consulting,Microsoft,Outlook,0,Re: {Hidden|Untapped|Overlooked} inbound {opportunities|demand|lead opportunities} for {COMPANY},1,True,204
198,31,IT And Consulting - Microsoft → Outlook (27_03),IT & Consulting,Microsoft,Outlook,1,{Hidden|Untapped|Overlooked} inbound {opportunities|demand|lead opportunities} for {COMPANY},1,False,
200,31,IT And Consulting - Microsoft → Outlook (27_03),IT & Consulting,Microsoft,Outlook,2,Re: {Hidden|Untapped|Overlooked} inbound {opportunities|demand|lead opportunities} for {COMPANY},1,False,
202,31,IT And Consulting - Microsoft → Outlook (27_03),IT & Consulting,Microsoft,Outlook,3,Re: {Hidden|Untapped|Overlooked} inbound {opportunities|demand|lead opportunities} for {COMPANY},1,False,
204,31,IT And Consulting - Microsoft → Outlook (27_03),IT & Consulting,Microsoft,Outlook,4,Re: {Hidden|Untapped|Overlooked} inbound {opportunities|demand|lead opportunities} for {COMPANY},1,False,
207,32,IT And Consulting - Microsoft → Proofpoint (27_03),IT & Consulting,Microsoft,Proofpoint,0,for {FIRST_NAME},1,True,206
209,32,IT And Consulting - Microsoft → Proofpoint (27_03),IT & Consulting,Microsoft,Proofpoint,0,Re: {Hidden|Untapped|Overlooked} inbound {opportunities|demand|lead opportunities} for {COMPANY},1,True,208
211,32,IT And Consulting - Microsoft → Proofpoint (27_03),IT & Consulting,Microsoft,Proofpoint,0,Re: {Hidden|Untapped|Overlooked} inbound {opportunities|demand|lead opportunities} for {COMPANY},1,True,210
213,32,IT And Consulting - Microsoft → Proofpoint (27_03),IT & Consulting,Microsoft,Proofpoint,0,Re: {Hidden|Untapped|Overlooked} inbound {opportunities|demand|lead opportunities} for {COMPANY},1,True,212
206,32,IT And Consulting - Microsoft → Proofpoint (27_03),IT & Consulting,Microsoft,Proofpoint,1,{Hidden|Untapped|Overlooked} inbound {opportunities|demand|lead opportunities} for {COMPANY},1,False,
208,32,IT And Consulting - Microsoft → Proofpoint (27_03),IT & Consulting,Microsoft,Proofpoint,2,Re: {Hidden|Untapped|Overlooked} inbound {opportunities|demand|lead opportunities} for {COMPANY},1,False,
210,32,IT And Consulting - Microsoft → Proofpoint (27_03),IT & Consulting,Microsoft,Proofpoint,3,Re: {Hidden|Untapped|Overlooked} inbound {opportunities|demand|lead opportunities} for {COMPANY},1,False,
212,32,IT And Consulting - Microsoft → Proofpoint (27_03),IT & Consulting,Microsoft,Proofpoint,4,Re: {Hidden|Untapped|Overlooked} inbound {opportunities|demand|lead opportunities} for {COMPANY},1,False,
216,34,Truck Transportation - Google → Google (09_04),Truck Transportation,Google,Google,0,for {FIRST_NAME},2,True,215
218,34,Truck Transportation - Google → Google (09_04),Truck Transportation,Google,Google,0,Re: {Hidden|Untapped|Overlooked} inbound {opportunities|demand|lead opportunities} for {COMPANY},2,True,217
220,34,Truck Transportation - Google → Google (09_04),Truck Transportation,Google,Google,0,Re: {Hidden|Untapped|Overlooked} inbound {opportunities|demand|lead opportunities} for {COMPANY},3,True,219
222,34,Truck Transportation - Google → Google (09_04),Truck Transportation,Google,Google,0,Re: {Hidden|Untapped|Overlooked} inbound {opportunities|demand|lead opportunities} for {COMPANY},1,True,221
215,34,Truck Transportation - Google → Google (09_04),Truck Transportation,Google,Google,1,{Hidden|Untapped|Overlooked} inbound {opportunities|demand|lead opportunities} for {COMPANY},2,False,
217,34,Truck Transportation - Google → Google (09_04),Truck Transportation,Google,Google,2,Re: {Hidden|Untapped|Overlooked} inbound {opportunities|demand|lead opportunities} for {COMPANY},2,False,
219,34,Truck Transportation - Google → Google (09_04),Truck Transportation,Google,Google,3,Re: {Hidden|Untapped|Overlooked} inbound {opportunities|demand|lead opportunities} for {COMPANY},3,False,
221,34,Truck Transportation - Google → Google (09_04),Truck Transportation,Google,Google,4,Re: {Hidden|Untapped|Overlooked} inbound {opportunities|demand|lead opportunities} for {COMPANY},1,False,
224,35,Truck Transportation - Google → Custom+Misc (09_04),Truck Transportation,Google,Custom+Misc,0,for {FIRST_NAME},2,True,223
226,35,Truck Transportation - Google → Custom+Misc (09_04),Truck Transportation,Google,Custom+Misc,0,Re: {Hidden|Untapped|Overlooked} inbound {opportunities|demand|lead opportunities} for {COMPANY},2,True,225
228,35,Truck Transportation - Google → Custom+Misc (09_04),Truck Transportation,Google,Custom+Misc,0,Re: {Hidden|Untapped|Overlooked} inbound {opportunities|demand|lead opportunities} for {COMPANY},3,True,227
230,35,Truck Transportation - Google → Custom+Misc (09_04),Truck Transportation,Google,Custom+Misc,0,Re: {Hidden|Untapped|Overlooked} inbound {opportunities|demand|lead opportunities} for {COMPANY},1,True,229
223,35,Truck Transportation - Google → Custom+Misc (09_04),Truck Transportation,Google,Custom+Misc,1,{Hidden|Untapped|Overlooked} inbound {opportunities|demand|lead opportunities} for {COMPANY},2,False,
225,35,Truck Transportation - Google → Custom+Misc (09_04),Truck Transportation,Google,Custom+Misc,2,Re: {Hidden|Untapped|Overlooked} inbound {opportunities|demand|lead opportunities} for {COMPANY},2,False,
227,35,Truck Transportation - Google → Custom+Misc (09_04),Truck Transportation,Google,Custom+Misc,3,Re: {Hidden|Untapped|Overlooked} inbound {opportunities|demand|lead opportunities} for {COMPANY},3,False,
229,35,Truck Transportation - Google → Custom+Misc (09_04),Truck Transportation,Google,Custom+Misc,4,Re: {Hidden|Untapped|Overlooked} inbound {opportunities|demand|lead opportunities} for {COMPANY},1,False,
232,36,Truck Transportation - Microsoft → Outlook (09_04),Truck Transportation,Microsoft,Outlook,0,for {FIRST_NAME},2,True,231
234,36,Truck Transportation - Microsoft → Outlook (09_04),Truck Transportation,Microsoft,Outlook,0,Re: {Hidden|Untapped|Overlooked} inbound {opportunities|demand|lead opportunities} for {COMPANY},2,True,233
236,36,Truck Transportation - Microsoft → Outlook (09_04),Truck Transportation,Microsoft,Outlook,0,Re: {Hidden|Untapped|Overlooked} inbound {opportunities|demand|lead opportunities} for {COMPANY},3,True,235
238,36,Truck Transportation - Microsoft → Outlook (09_04),Truck Transportation,Microsoft,Outlook,0,Re: {Hidden|Untapped|Overlooked} inbound {opportunities|demand|lead opportunities} for {COMPANY},1,True,237
231,36,Truck Transportation - Microsoft → Outlook (09_04),Truck Transportation,Microsoft,Outlook,1,{Hidden|Untapped|Overlooked} inbound {opportunities|demand|lead opportunities} for {COMPANY},2,False,
233,36,Truck Transportation - Microsoft → Outlook (09_04),Truck Transportation,Microsoft,Outlook,2,Re: {Hidden|Untapped|Overlooked} inbound {opportunities|demand|lead opportunities} for {COMPANY},2,False,
235,36,Truck Transportation - Microsoft → Outlook (09_04),Truck Transportation,Microsoft,Outlook,3,Re: {Hidden|Untapped|Overlooked} inbound {opportunities|demand|lead opportunities} for {COMPANY},3,False,
237,36,Truck Transportation - Microsoft → Outlook (09_04),Truck Transportation,Microsoft,Outlook,4,Re: {Hidden|Untapped|Overlooked} inbound {opportunities|demand|lead opportunities} for {COMPANY},1,False,
240,37,Truck Transportation- Microsoft → Proofpoint (09_04),Truck Transportation,Microsoft,Proofpoint,0,for {FIRST_NAME},2,True,239
242,37,Truck Transportation- Microsoft → Proofpoint (09_04),Truck Transportation,Microsoft,Proofpoint,0,Re: {Hidden|Untapped|Overlooked} inbound {opportunities|demand|lead opportunities} for {COMPANY},2,True,241
244,37,Truck Transportation- Microsoft → Proofpoint (09_04),Truck Transportation,Microsoft,Proofpoint,0,Re: {Hidden|Untapped|Overlooked} inbound {opportunities|demand|lead opportunities} for {COMPANY},3,True,243
246,37,Truck Transportation- Microsoft → Proofpoint (09_04),Truck Transportation,Microsoft,Proofpoint,0,Re: {Hidden|Untapped|Overlooked} inbound {opportunities|demand|lead opportunities} for {COMPANY},1,True,245
239,37,Truck Transportation- Microsoft → Proofpoint (09_04),Truck Transportation,Microsoft,Proofpoint,1,{Hidden|Untapped|Overlooked} inbound {opportunities|demand|lead opportunities} for {COMPANY},2,False,
241,37,Truck Transportation- Microsoft → Proofpoint (09_04),Truck Transportation,Microsoft,Proofpoint,2,Re: {Hidden|Untapped|Overlooked} inbound {opportunities|demand|lead opportunities} for {COMPANY},2,False,
243,37,Truck Transportation- Microsoft → Proofpoint (09_04),Truck Transportation,Microsoft,Proofpoint,3,Re: {Hidden|Untapped|Overlooked} inbound {opportunities|demand|lead opportunities} for {COMPANY},3,False,
245,37,Truck Transportation- Microsoft → Proofpoint (09_04),Truck Transportation,Microsoft,Proofpoint,4,Re: {Hidden|Untapped|Overlooked} inbound {opportunities|demand|lead opportunities} for {COMPANY},1,False,
263,42,BCS - Google → Google (15_04),BCS,Google,Google,0,for {FIRST_NAME},2,True,262
265,42,BCS - Google → Google (15_04),BCS,Google,Google,0,Re: {Hidden|Untapped|Overlooked} inbound {opportunities|demand|lead opportunities} for {COMPANY},3,True,264
269,42,BCS - Google → Google (15_04),BCS,Google,Google,0,Re: {Hidden|Untapped|Overlooked} inbound {opportunities|demand|lead opportunities} for {COMPANY},1,True,268
262,42,BCS - Google → Google (15_04),BCS,Google,Google,1,{Hidden|Untapped|Overlooked} inbound {opportunities|demand|lead opportunities} for {COMPANY},2,False,
264,42,BCS - Google → Google (15_04),BCS,Google,Google,2,Re: {Hidden|Untapped|Overlooked} inbound {opportunities|demand|lead opportunities} for {COMPANY},3,False,
268,42,BCS - Google → Google (15_04),BCS,Google,Google,3,Re: {Hidden|Untapped|Overlooked} inbound {opportunities|demand|lead opportunities} for {COMPANY},1,False,
271,43,BCS - Google → Custom+Misc (15_04),BCS,Google,Custom+Misc,0,for {FIRST_NAME},2,True,270
273,43,BCS - Google → Custom+Misc (15_04),BCS,Google,Custom+Misc,0,Re: {Hidden|Untapped|Overlooked} inbound {opportunities|demand|lead opportunities} for {COMPANY},3,True,272
277,43,BCS - Google → Custom+Misc (15_04),BCS,Google,Custom+Misc,0,Re: {Hidden|Untapped|Overlooked} inbound {opportunities|demand|lead opportunities} for {COMPANY},1,True,276
270,43,BCS - Google → Custom+Misc (15_04),BCS,Google,Custom+Misc,1,{Hidden|Untapped|Overlooked} inbound {opportunities|demand|lead opportunities} for {COMPANY},2,False,
272,43,BCS - Google → Custom+Misc (15_04),BCS,Google,Custom+Misc,2,Re: {Hidden|Untapped|Overlooked} inbound {opportunities|demand|lead opportunities} for {COMPANY},3,False,
276,43,BCS - Google → Custom+Misc (15_04),BCS,Google,Custom+Misc,3,Re: {Hidden|Untapped|Overlooked} inbound {opportunities|demand|lead opportunities} for {COMPANY},1,False,
279,44,BCS - Microsoft → Outlook (15_04),BCS,Microsoft,Outlook,0,for {FIRST_NAME},2,True,278
281,44,BCS - Microsoft → Outlook (15_04),BCS,Microsoft,Outlook,0,Re: {Hidden|Untapped|Overlooked} inbound {opportunities|demand|lead opportunities} for {COMPANY},3,True,280
285,44,BCS - Microsoft → Outlook (15_04),BCS,Microsoft,Outlook,0,Re: {Hidden|Untapped|Overlooked} inbound {opportunities|demand|lead opportunities} for {COMPANY},1,True,284
278,44,BCS - Microsoft → Outlook (15_04),BCS,Microsoft,Outlook,1,{Hidden|Untapped|Overlooked} inbound {opportunities|demand|lead opportunities} for {COMPANY},2,False,
280,44,BCS - Microsoft → Outlook (15_04),BCS,Microsoft,Outlook,2,Re: {Hidden|Untapped|Overlooked} inbound {opportunities|demand|lead opportunities} for {COMPANY},3,False,
284,44,BCS - Microsoft → Outlook (15_04),BCS,Microsoft,Outlook,3,Re: {Hidden|Untapped|Overlooked} inbound {opportunities|demand|lead opportunities} for {COMPANY},1,False,
287,45,BCS - Microsoft → Proofpoint (15_04),BCS,Microsoft,Proofpoint,0,for {FIRST_NAME},2,True,286
289,45,BCS - Microsoft → Proofpoint (15_04),BCS,Microsoft,Proofpoint,0,Re: {Hidden|Untapped|Overlooked} inbound {opportunities|demand|lead opportunities} for {COMPANY},3,True,288
293,45,BCS - Microsoft → Proofpoint (15_04),BCS,Microsoft,Proofpoint,0,Re: {Hidden|Untapped|Overlooked} inbound {opportunities|demand|lead opportunities} for {COMPANY},1,True,292
286,45,BCS - Microsoft → Proofpoint (15_04),BCS,Microsoft,Proofpoint,1,{Hidden|Untapped|Overlooked} inbound {opportunities|demand|lead opportunities} for {COMPANY},2,False,
288,45,BCS - Microsoft → Proofpoint (15_04),BCS,Microsoft,Proofpoint,2,Re: {Hidden|Untapped|Overlooked} inbound {opportunities|demand|lead opportunities} for {COMPANY},3,False,
292,45,BCS - Microsoft → Proofpoint (15_04),BCS,Microsoft,Proofpoint,3,Re: {Hidden|Untapped|Overlooked} inbound {opportunities|demand|lead opportunities} for {COMPANY},1,False,
303,47,Commercial - Google → Google (17_04),Commercial,Google,Google,0,for {FIRST_NAME},2,True,302
305,47,Commercial - Google → Google (17_04),Commercial,Google,Google,0,Re: {Hidden|Untapped|Overlooked} inbound {opportunities|demand|lead opportunities} for {COMPANY},3,True,304
307,47,Commercial - Google → Google (17_04),Commercial,Google,Google,0,Re: {Hidden|Untapped|Overlooked} inbound {opportunities|demand|lead opportunities} for {COMPANY},1,True,306
302,47,Commercial - Google → Google (17_04),Commercial,Google,Google,1,{Hidden|Untapped|Overlooked} inbound {opportunities|demand|lead opportunities} for {COMPANY},2,False,
304,47,Commercial - Google → Google (17_04),Commercial,Google,Google,2,Re: {Hidden|Untapped|Overlooked} inbound {opportunities|demand|lead opportunities} for {COMPANY},3,False,
306,47,Commercial - Google → Google (17_04),Commercial,Google,Google,3,Re: {Hidden|Untapped|Overlooked} inbound {opportunities|demand|lead opportunities} for {COMPANY},1,False,
309,48,Commercial - Google → Custom+Misc (17_04),Commercial,Google,Custom+Misc,0,for {FIRST_NAME},2,True,308
311,48,Commercial - Google → Custom+Misc (17_04),Commercial,Google,Custom+Misc,0,Re: {Hidden|Untapped|Overlooked} inbound {opportunities|demand|lead opportunities} for {COMPANY},3,True,310
313,48,Commercial - Google → Custom+Misc (17_04),Commercial,Google,Custom+Misc,0,Re: {Hidden|Untapped|Overlooked} inbound {opportunities|demand|lead opportunities} for {COMPANY},1,True,312
308,48,Commercial - Google → Custom+Misc (17_04),Commercial,Google,Custom+Misc,1,{Hidden|Untapped|Overlooked} inbound {opportunities|demand|lead opportunities} for {COMPANY},2,False,
310,48,Commercial - Google → Custom+Misc (17_04),Commercial,Google,Custom+Misc,2,Re: {Hidden|Untapped|Overlooked} inbound {opportunities|demand|lead opportunities} for {COMPANY},3,False,
312,48,Commercial - Google → Custom+Misc (17_04),Commercial,Google,Custom+Misc,3,Re: {Hidden|Untapped|Overlooked} inbound {opportunities|demand|lead opportunities} for {COMPANY},1,False,
315,49,Commercial - Microsoft → Outlook (17_04),Commercial,Microsoft,Outlook,0,for {FIRST_NAME},2,True,314
317,49,Commercial - Microsoft → Outlook (17_04),Commercial,Microsoft,Outlook,0,Re: {Hidden|Untapped|Overlooked} inbound {opportunities|demand|lead opportunities} for {COMPANY},3,True,316
319,49,Commercial - Microsoft → Outlook (17_04),Commercial,Microsoft,Outlook,0,Re: {Hidden|Untapped|Overlooked} inbound {opportunities|demand|lead opportunities} for {COMPANY},1,True,318
314,49,Commercial - Microsoft → Outlook (17_04),Commercial,Microsoft,Outlook,1,{Hidden|Untapped|Overlooked} inbound {opportunities|demand|lead opportunities} for {COMPANY},2,False,
316,49,Commercial - Microsoft → Outlook (17_04),Commercial,Microsoft,Outlook,2,Re: {Hidden|Untapped|Overlooked} inbound {opportunities|demand|lead opportunities} for {COMPANY},3,False,
318,49,Commercial - Microsoft → Outlook (17_04),Commercial,Microsoft,Outlook,3,Re: {Hidden|Untapped|Overlooked} inbound {opportunities|demand|lead opportunities} for {COMPANY},1,False,
321,50,Commercial - Microsoft → Proofpoint (17_04),Commercial,Microsoft,Proofpoint,0,for {FIRST_NAME},2,True,320
323,50,Commercial - Microsoft → Proofpoint (17_04),Commercial,Microsoft,Proofpoint,0,Re: {Hidden|Untapped|Overlooked} inbound {opportunities|demand|lead opportunities} for {COMPANY},3,True,322
325,50,Commercial - Microsoft → Proofpoint (17_04),Commercial,Microsoft,Proofpoint,0,Re: {Hidden|Untapped|Overlooked} inbound {opportunities|demand|lead opportunities} for {COMPANY},1,True,324
320,50,Commercial - Microsoft → Proofpoint (17_04),Commercial,Microsoft,Proofpoint,1,{Hidden|Untapped|Overlooked} inbound {opportunities|demand|lead opportunities} for {COMPANY},2,False,
322,50,Commercial - Microsoft → Proofpoint (17_04),Commercial,Microsoft,Proofpoint,2,Re: {Hidden|Untapped|Overlooked} inbound {opportunities|demand|lead opportunities} for {COMPANY},3,False,
324,50,Commercial - Microsoft → Proofpoint (17_04),Commercial,Microsoft,Proofpoint,3,Re: {Hidden|Untapped|Overlooked} inbound {opportunities|demand|lead opportunities} for {COMPANY},1,False,
327,51,EWWS - Google → Google (20_04),EWWS,Google,Google,0,for {FIRST_NAME},2,True,326
329,51,EWWS - Google → Google (20_04),EWWS,Google,Google,0,Re: {Hidden|Untapped|Overlooked} inbound {opportunities|demand|lead opportunities} for {COMPANY},3,True,328
331,51,EWWS - Google → Google (20_04),EWWS,Google,Google,0,Re: {Hidden|Untapped|Overlooked} inbound {opportunities|demand|lead opportunities} for {COMPANY},1,True,330
326,51,EWWS - Google → Google (20_04),EWWS,Google,Google,1,{Hidden|Untapped|Overlooked} inbound {opportunities|demand|lead opportunities} for {COMPANY},2,False,
328,51,EWWS - Google → Google (20_04),EWWS,Google,Google,2,Re: {Hidden|Untapped|Overlooked} inbound {opportunities|demand|lead opportunities} for {COMPANY},3,False,
330,51,EWWS - Google → Google (20_04),EWWS,Google,Google,3,Re: {Hidden|Untapped|Overlooked} inbound {opportunities|demand|lead opportunities} for {COMPANY},1,False,
333,52,EWWS - Google → Custom+Misc (20_04),EWWS,Google,Custom+Misc,0,for {FIRST_NAME},2,True,332
335,52,EWWS - Google → Custom+Misc (20_04),EWWS,Google,Custom+Misc,0,Re: {Hidden|Untapped|Overlooked} inbound {opportunities|demand|lead opportunities} for {COMPANY},3,True,334
337,52,EWWS - Google → Custom+Misc (20_04),EWWS,Google,Custom+Misc,0,Re: {Hidden|Untapped|Overlooked} inbound {opportunities|demand|lead opportunities} for {COMPANY},1,True,336
332,52,EWWS - Google → Custom+Misc (20_04),EWWS,Google,Custom+Misc,1,{Hidden|Untapped|Overlooked} inbound {opportunities|demand|lead opportunities} for {COMPANY},2,False,
334,52,EWWS - Google → Custom+Misc (20_04),EWWS,Google,Custom+Misc,2,Re: {Hidden|Untapped|Overlooked} inbound {opportunities|demand|lead opportunities} for {COMPANY},3,False,
336,52,EWWS - Google → Custom+Misc (20_04),EWWS,Google,Custom+Misc,3,Re: {Hidden|Untapped|Overlooked} inbound {opportunities|demand|lead opportunities} for {COMPANY},1,False,
339,53,EWWS - Microsoft → Outlook (20_04),EWWS,Microsoft,Outlook,0,for {FIRST_NAME},2,True,338
341,53,EWWS - Microsoft → Outlook (20_04),EWWS,Microsoft,Outlook,0,Re: {Hidden|Untapped|Overlooked} inbound {opportunities|demand|lead opportunities} for {COMPANY},3,True,340
343,53,EWWS - Microsoft → Outlook (20_04),EWWS,Microsoft,Outlook,0,Re: {Hidden|Untapped|Overlooked} inbound {opportunities|demand|lead opportunities} for {COMPANY},1,True,342
338,53,EWWS - Microsoft → Outlook (20_04),EWWS,Microsoft,Outlook,1,{Hidden|Untapped|Overlooked} inbound {opportunities|demand|lead opportunities} for {COMPANY},2,False,
340,53,EWWS - Microsoft → Outlook (20_04),EWWS,Microsoft,Outlook,2,Re: {Hidden|Untapped|Overlooked} inbound {opportunities|demand|lead opportunities} for {COMPANY},3,False,
342,53,EWWS - Microsoft → Outlook (20_04),EWWS,Microsoft,Outlook,3,Re: {Hidden|Untapped|Overlooked} inbound {opportunities|demand|lead opportunities} for {COMPANY},1,False,
345,54,EWWS - Microsoft → Proofpoint (20_04),EWWS,Microsoft,Proofpoint,0,for {FIRST_NAME},2,True,344
347,54,EWWS - Microsoft → Proofpoint (20_04),EWWS,Microsoft,Proofpoint,0,Re: {Hidden|Untapped|Overlooked} inbound {opportunities|demand|lead opportunities} for {COMPANY},3,True,346
349,54,EWWS - Microsoft → Proofpoint (20_04),EWWS,Microsoft,Proofpoint,0,Re: {Hidden|Untapped|Overlooked} inbound {opportunities|demand|lead opportunities} for {COMPANY},1,True,348
344,54,EWWS - Microsoft → Proofpoint (20_04),EWWS,Microsoft,Proofpoint,1,{Hidden|Untapped|Overlooked} inbound {opportunities|demand|lead opportunities} for {COMPANY},2,False,
346,54,EWWS - Microsoft → Proofpoint (20_04),EWWS,Microsoft,Proofpoint,2,Re: {Hidden|Untapped|Overlooked} inbound {opportunities|demand|lead opportunities} for {COMPANY},3,False,
348,54,EWWS - Microsoft → Proofpoint (20_04),EWWS,Microsoft,Proofpoint,3,Re: {Hidden|Untapped|Overlooked} inbound {opportunities|demand|lead opportunities} for {COMPANY},1,False,
351,55,Medical Equipment - Google → Google (21_04),Medical Equipment,Google,Google,0,for {FIRST_NAME},2,True,350
353,55,Medical Equipment - Google → Google (21_04),Medical Equipment,Google,Google,0,Re: {Hidden|Untapped|Overlooked} inbound {opportunities|demand|lead opportunities} for {COMPANY},3,True,352
355,55,Medical Equipment - Google → Google (21_04),Medical Equipment,Google,Google,0,Re: {Hidden|Untapped|Overlooked} inbound {opportunities|demand|lead opportunities} for {COMPANY},1,True,354
350,55,Medical Equipment - Google → Google (21_04),Medical Equipment,Google,Google,1,{Hidden|Untapped|Overlooked} inbound {opportunities|demand|lead opportunities} for {COMPANY},2,False,
352,55,Medical Equipment - Google → Google (21_04),Medical Equipment,Google,Google,2,Re: {Hidden|Untapped|Overlooked} inbound {opportunities|demand|lead opportunities} for {COMPANY},3,False,
354,55,Medical Equipment - Google → Google (21_04),Medical Equipment,Google,Google,3,Re: {Hidden|Untapped|Overlooked} inbound {opportunities|demand|lead opportunities} for {COMPANY},1,False,
357,56,Medical Equipment - Google → Custom+Misc (21_04),Medical Equipment,Google,Custom+Misc,0,for {FIRST_NAME},2,True,356
359,56,Medical Equipment - Google → Custom+Misc (21_04),Medical Equipment,Google,Custom+Misc,0,Re: {Hidden|Untapped|Overlooked} inbound {opportunities|demand|lead opportunities} for {COMPANY},3,True,358
361,56,Medical Equipment - Google → Custom+Misc (21_04),Medical Equipment,Google,Custom+Misc,0,Re: {Hidden|Untapped|Overlooked} inbound {opportunities|demand|lead opportunities} for {COMPANY},1,True,360
356,56,Medical Equipment - Google → Custom+Misc (21_04),Medical Equipment,Google,Custom+Misc,1,{Hidden|Untapped|Overlooked} inbound {opportunities|demand|lead opportunities} for {COMPANY},2,False,
358,56,Medical Equipment - Google → Custom+Misc (21_04),Medical Equipment,Google,Custom+Misc,2,Re: {Hidden|Untapped|Overlooked} inbound {opportunities|demand|lead opportunities} for {COMPANY},3,False,
360,56,Medical Equipment - Google → Custom+Misc (21_04),Medical Equipment,Google,Custom+Misc,3,Re: {Hidden|Untapped|Overlooked} inbound {opportunities|demand|lead opportunities} for {COMPANY},1,False,
363,57,Medical Equipment - Microsoft → Outlook (21_04),Medical Equipment,Microsoft,Outlook,0,for {FIRST_NAME},2,True,362
365,57,Medical Equipment - Microsoft → Outlook (21_04),Medical Equipment,Microsoft,Outlook,0,Re: {Hidden|Untapped|Overlooked} inbound {opportunities|demand|lead opportunities} for {COMPANY},3,True,364
367,57,Medical Equipment - Microsoft → Outlook (21_04),Medical Equipment,Microsoft,Outlook,0,Re: {Hidden|Untapped|Overlooked} inbound {opportunities|demand|lead opportunities} for {COMPANY},1,True,366
362,57,Medical Equipment - Microsoft → Outlook (21_04),Medical Equipment,Microsoft,Outlook,1,{Hidden|Untapped|Overlooked} inbound {opportunities|demand|lead opportunities} for {COMPANY},2,False,
364,57,Medical Equipment - Microsoft → Outlook (21_04),Medical Equipment,Microsoft,Outlook,2,Re: {Hidden|Untapped|Overlooked} inbound {opportunities|demand|lead opportunities} for {COMPANY},3,False,
366,57,Medical Equipment - Microsoft → Outlook (21_04),Medical Equipment,Microsoft,Outlook,3,Re: {Hidden|Untapped|Overlooked} inbound {opportunities|demand|lead opportunities} for {COMPANY},1,False,
369,58,Medical Equipment - Microsoft → Proofpoint (21_04),Medical Equipment,Microsoft,Proofpoint,0,for {FIRST_NAME},2,True,368
371,58,Medical Equipment - Microsoft → Proofpoint (21_04),Medical Equipment,Microsoft,Proofpoint,0,Re: {Hidden|Untapped|Overlooked} inbound {opportunities|demand|lead opportunities} for {COMPANY},3,True,370
373,58,Medical Equipment - Microsoft → Proofpoint (21_04),Medical Equipment,Microsoft,Proofpoint,0,Re: {Hidden|Untapped|Overlooked} inbound {opportunities|demand|lead opportunities} for {COMPANY},1,True,372
368,58,Medical Equipment - Microsoft → Proofpoint (21_04),Medical Equipment,Microsoft,Proofpoint,1,{Hidden|Untapped|Overlooked} inbound {opportunities|demand|lead opportunities} for {COMPANY},2,False,
370,58,Medical Equipment - Microsoft → Proofpoint (21_04),Medical Equipment,Microsoft,Proofpoint,2,Re: {Hidden|Untapped|Overlooked} inbound {opportunities|demand|lead opportunities} for {COMPANY},3,False,
372,58,Medical Equipment - Microsoft → Proofpoint (21_04),Medical Equipment,Microsoft,Proofpoint,3,Re: {Hidden|Untapped|Overlooked} inbound {opportunities|demand|lead opportunities} for {COMPANY},1,False,
375,59,Equipment Rental - Google → Google (21_04),Equipment Rental,Google,Google,0,for {FIRST_NAME},2,True,374
377,59,Equipment Rental - Google → Google (21_04),Equipment Rental,Google,Google,0,Re: {Hidden|Untapped|Overlooked} inbound {opportunities|demand|lead opportunities} for {COMPANY},3,True,376
379,59,Equipment Rental - Google → Google (21_04),Equipment Rental,Google,Google,0,Re: {Hidden|Untapped|Overlooked} inbound {opportunities|demand|lead opportunities} for {COMPANY},1,True,378
374,59,Equipment Rental - Google → Google (21_04),Equipment Rental,Google,Google,1,{Hidden|Untapped|Overlooked} inbound {opportunities|demand|lead opportunities} for {COMPANY},2,False,
376,59,Equipment Rental - Google → Google (21_04),Equipment Rental,Google,Google,2,Re: {Hidden|Untapped|Overlooked} inbound {opportunities|demand|lead opportunities} for {COMPANY},3,False,
378,59,Equipment Rental - Google → Google (21_04),Equipment Rental,Google,Google,3,Re: {Hidden|Untapped|Overlooked} inbound {opportunities|demand|lead opportunities} for {COMPANY},1,False,
381,60,Equipment Rental - Google → Custom+Misc (21_04),Equipment Rental,Google,Custom+Misc,0,for {FIRST_NAME},2,True,380
383,60,Equipment Rental - Google → Custom+Misc (21_04),Equipment Rental,Google,Custom+Misc,0,Re: {Hidden|Untapped|Overlooked} inbound {opportunities|demand|lead opportunities} for {COMPANY},3,True,382
385,60,Equipment Rental - Google → Custom+Misc (21_04),Equipment Rental,Google,Custom+Misc,0,Re: {Hidden|Untapped|Overlooked} inbound {opportunities|demand|lead opportunities} for {COMPANY},1,True,384
380,60,Equipment Rental - Google → Custom+Misc (21_04),Equipment Rental,Google,Custom+Misc,1,{Hidden|Untapped|Overlooked} inbound {opportunities|demand|lead opportunities} for {COMPANY},2,False,
382,60,Equipment Rental - Google → Custom+Misc (21_04),Equipment Rental,Google,Custom+Misc,2,Re: {Hidden|Untapped|Overlooked} inbound {opportunities|demand|lead opportunities} for {COMPANY},3,False,
384,60,Equipment Rental - Google → Custom+Misc (21_04),Equipment Rental,Google,Custom+Misc,3,Re: {Hidden|Untapped|Overlooked} inbound {opportunities|demand|lead opportunities} for {COMPANY},1,False,
387,61,Equipment Rental - Microsoft → Outlook (21_04),Equipment Rental,Microsoft,Outlook,0,for {FIRST_NAME},2,True,386
389,61,Equipment Rental - Microsoft → Outlook (21_04),Equipment Rental,Microsoft,Outlook,0,Re: {Hidden|Untapped|Overlooked} inbound {opportunities|demand|lead opportunities} for {COMPANY},3,True,388
391,61,Equipment Rental - Microsoft → Outlook (21_04),Equipment Rental,Microsoft,Outlook,0,Re: {Hidden|Untapped|Overlooked} inbound {opportunities|demand|lead opportunities} for {COMPANY},1,True,390
386,61,Equipment Rental - Microsoft → Outlook (21_04),Equipment Rental,Microsoft,Outlook,1,{Hidden|Untapped|Overlooked} inbound {opportunities|demand|lead opportunities} for {COMPANY},2,False,
388,61,Equipment Rental - Microsoft → Outlook (21_04),Equipment Rental,Microsoft,Outlook,2,Re: {Hidden|Untapped|Overlooked} inbound {opportunities|demand|lead opportunities} for {COMPANY},3,False,
390,61,Equipment Rental - Microsoft → Outlook (21_04),Equipment Rental,Microsoft,Outlook,3,Re: {Hidden|Untapped|Overlooked} inbound {opportunities|demand|lead opportunities} for {COMPANY},1,False,
393,62,Equipment Rental - Microsoft → Proofpoint (21_04),Equipment Rental,Microsoft,Proofpoint,0,for {FIRST_NAME},2,True,392
395,62,Equipment Rental - Microsoft → Proofpoint (21_04),Equipment Rental,Microsoft,Proofpoint,0,Re: {Hidden|Untapped|Overlooked} inbound {opportunities|demand|lead opportunities} for {COMPANY},3,True,394
397,62,Equipment Rental - Microsoft → Proofpoint (21_04),Equipment Rental,Microsoft,Proofpoint,0,Re: {Hidden|Untapped|Overlooked} inbound {opportunities|demand|lead opportunities} for {COMPANY},1,True,396
392,62,Equipment Rental - Microsoft → Proofpoint (21_04),Equipment Rental,Microsoft,Proofpoint,1,{Hidden|Untapped|Overlooked} inbound {opportunities|demand|lead opportunities} for {COMPANY},2,False,
394,62,Equipment Rental - Microsoft → Proofpoint (21_04),Equipment Rental,Microsoft,Proofpoint,2,Re: {Hidden|Untapped|Overlooked} inbound {opportunities|demand|lead opportunities} for {COMPANY},3,False,
396,62,Equipment Rental - Microsoft → Proofpoint (21_04),Equipment Rental,Microsoft,Proofpoint,3,Re: {Hidden|Untapped|Overlooked} inbound {opportunities|demand|lead opportunities} for {COMPANY},1,False,
399,63,Advertising - Google → Google (22_04),Advertising,Google,Google,0,for {FIRST_NAME},2,True,398
401,63,Advertising - Google → Google (22_04),Advertising,Google,Google,0,Re: {Hidden|Untapped|Overlooked} inbound {opportunities|demand|lead opportunities} for {COMPANY},3,True,400
403,63,Advertising - Google → Google (22_04),Advertising,Google,Google,0,Re: {Hidden|Untapped|Overlooked} inbound {opportunities|demand|lead opportunities} for {COMPANY},1,True,402
398,63,Advertising - Google → Google (22_04),Advertising,Google,Google,1,{Hidden|Untapped|Overlooked} inbound {opportunities|demand|lead opportunities} for {COMPANY},2,False,
400,63,Advertising - Google → Google (22_04),Advertising,Google,Google,2,Re: {Hidden|Untapped|Overlooked} inbound {opportunities|demand|lead opportunities} for {COMPANY},3,False,
402,63,Advertising - Google → Google (22_04),Advertising,Google,Google,3,Re: {Hidden|Untapped|Overlooked} inbound {opportunities|demand|lead opportunities} for {COMPANY},1,False,
405,64,Advertising - Google → Custom+Misc (22_04),Advertising,Google,Custom+Misc,0,for {FIRST_NAME},2,True,404
407,64,Advertising - Google → Custom+Misc (22_04),Advertising,Google,Custom+Misc,0,Re: {Hidden|Untapped|Overlooked} inbound {opportunities|demand|lead opportunities} for {COMPANY},3,True,406
409,64,Advertising - Google → Custom+Misc (22_04),Advertising,Google,Custom+Misc,0,Re: {Hidden|Untapped|Overlooked} inbound {opportunities|demand|lead opportunities} for {COMPANY},1,True,408
404,64,Advertising - Google → Custom+Misc (22_04),Advertising,Google,Custom+Misc,1,{Hidden|Untapped|Overlooked} inbound {opportunities|demand|lead opportunities} for {COMPANY},2,False,
406,64,Advertising - Google → Custom+Misc (22_04),Advertising,Google,Custom+Misc,2,Re: {Hidden|Untapped|Overlooked} inbound {opportunities|demand|lead opportunities} for {COMPANY},3,False,
408,64,Advertising - Google → Custom+Misc (22_04),Advertising,Google,Custom+Misc,3,Re: {Hidden|Untapped|Overlooked} inbound {opportunities|demand|lead opportunities} for {COMPANY},1,False,
411,65,Advertising - Microsoft → Outlook (22_04),Advertising,Microsoft,Outlook,0,for {FIRST_NAME},2,True,410
413,65,Advertising - Microsoft → Outlook (22_04),Advertising,Microsoft,Outlook,0,Re: {Hidden|Untapped|Overlooked} inbound {opportunities|demand|lead opportunities} for {COMPANY},3,True,412
415,65,Advertising - Microsoft → Outlook (22_04),Advertising,Microsoft,Outlook,0,Re: {Hidden|Untapped|Overlooked} inbound {opportunities|demand|lead opportunities} for {COMPANY},1,True,414
410,65,Advertising - Microsoft → Outlook (22_04),Advertising,Microsoft,Outlook,1,{Hidden|Untapped|Overlooked} inbound {opportunities|demand|lead opportunities} for {COMPANY},2,False,
412,65,Advertising - Microsoft → Outlook (22_04),Advertising,Microsoft,Outlook,2,Re: {Hidden|Untapped|Overlooked} inbound {opportunities|demand|lead opportunities} for {COMPANY},3,False,
414,65,Advertising - Microsoft → Outlook (22_04),Advertising,Microsoft,Outlook,3,Re: {Hidden|Untapped|Overlooked} inbound {opportunities|demand|lead opportunities} for {COMPANY},1,False,
417,66,Advertising - Microsoft → Proofpoint (22_04),Advertising,Microsoft,Proofpoint,0,for {FIRST_NAME},2,True,416
419,66,Advertising - Microsoft → Proofpoint (22_04),Advertising,Microsoft,Proofpoint,0,Re: {Hidden|Untapped|Overlooked} inbound {opportunities|demand|lead opportunities} for {COMPANY},3,True,418
421,66,Advertising - Microsoft → Proofpoint (22_04),Advertising,Microsoft,Proofpoint,0,Re: {Hidden|Untapped|Overlooked} inbound {opportunities|demand|lead opportunities} for {COMPANY},1,True,420
416,66,Advertising - Microsoft → Proofpoint (22_04),Advertising,Microsoft,Proofpoint,1,{Hidden|Untapped|Overlooked} inbound {opportunities|demand|lead opportunities} for {COMPANY},2,False,
418,66,Advertising - Microsoft → Proofpoint (22_04),Advertising,Microsoft,Proofpoint,2,Re: {Hidden|Untapped|Overlooked} inbound {opportunities|demand|lead opportunities} for {COMPANY},3,False,
420,66,Advertising - Microsoft → Proofpoint (22_04),Advertising,Microsoft,Proofpoint,3,Re: {Hidden|Untapped|Overlooked} inbound {opportunities|demand|lead opportunities} for {COMPANY},1,False,
